telemary_value,label
-0.7620953706123035,0
-0.783921396077468,0
-0.76064015545025,0
-0.8253910859671887,0
-0.45216451624004694,0
-0.45580219898943275,0
0.18515821176381708,0
0.26736980638435837,0
0.21425967375890265,0
0.22444511442603288,0
0.4558019503804096,0
0.42306298321381197,0
0.47835561894217493,0
-0.02873774699350884,0
-0.05783920898859396,0
-0.028737818024658246,0
-0.7315386579395899,0
-0.7686430930144734,0
-0.7206257517537322,0
-0.6682429425847047,0
-0.6376863719742905,0
-0.6566023577866704,0
-0.6915242542430722,0
-0.6813386004824933,0
-0.679156097379586,0
-0.8392142093837047,0
-0.7802837843592321,0
-0.3946889512218794,0
-0.44561665177557774,0
-0.45216430314659783,0
-0.47908326203877616,0
-0.8188431504715701,0
-0.7846490746896442,0
-0.7555474706322598,0
-0.7322663010361916,0
-0.6733356984338448,0
-0.6464168816039657,0
-0.639141551620769,0
-0.6318660795752735,0
-0.6529647105528595,0
-0.6777009532486824,0
-0.8501273286630115,0
-0.85303747486252,0
-0.4754456148049653,0
-0.2273553316566903,0
-0.22299004132627775,0
-0.2077118803255824,0
-0.24772642608439943,0
-0.8770461810084651,0
-0.7315386934551649,0
-0.7046198411097109,0
-0.8253910859671887,0
-0.37140785265696064,0
-0.2550018981298954,0
0.3292104841550638,0
0.34376125066818153,0
0.3022915252628855,0
0.5794833059218214,0
0.5925790348507589,0
0.594761608984816,0
0.9599853121788837,0
0.9272462029499882,0
0.9592578111445813,0
0.9716259680080674,0
0.38377593848929736,0
0.1407783756745875,0
-0.1967987965618505,0
-0.5445616225588679,0
-0.5241906346778831,0
-0.5183703067632912,0
-0.7162604614233197,0
-0.5511095935700614,0
-0.519097878828743,0
-0.5554747773537492,0
-0.5758458362658838,0
-0.5532920611573933,0
-0.03892311662948922,0
-0.06511450345621572,0
0.054929204851385194,0
0.012004370830760447,0
0.02364502665994417,0
-0.3692252074917546,0
-0.620953066842691,0
-0.5671152200894842,0
-0.5874863855483432,0
-0.59476164450039,0
-0.8050200270550545,0
-0.7075299162780699,0
-0.6893415735622912,0
-0.8530375103780945,0
-0.7489995706522161,0
-0.7497270716865185,0
-0.730083726902135,0
-0.7104401690243027,0
-0.8501272931474366,0
-0.44852658488163755,0
-0.1749725580032373,0
-0.17788284626504502,0
-0.17570020109983897,0
-0.15605667873758167,0
-0.805747457058207,0
-0.7126228497050837,0
-0.7009821583603251,0
-0.6857039263284803,0
-0.7053474131751627,0
-0.6704256232654857,0
-0.7089850604089736,0
-0.8763186444585882,0
-0.7395416665349628,0
-0.7613678340624266,0
-0.8552199779654268,0
-0.6755183080834759,0
-0.7133503507393861,0
-0.7439069213498004,0
-0.7235357914065164,0
-0.7846488971117704,0
-0.9090577181719093,0
-0.5358311129291926,0
-0.2520915033213629,0
-0.2520915033213629,0
-0.21425960272775235,0
-0.24336106472283747,0
-0.8253910149360393,0
-0.7424518482500462,0
-0.7686431995611978,0
-0.7322662655206167,0
-0.7475445685836113,0
-0.7373590568853317,0
-0.6980720476763915,0
-0.7104401335087278,0
-0.7584575813161933,0
-0.7591850823504958,0
-0.716987997973197,0
-0.7009820873291757,0
-0.7053473066284384,0
-0.6646052953508939,0
-0.6755183435990508,0
-0.6529646395217101,0
-0.7482721051334886,0
-0.40050917258974694,0
-0.3866859426265066,0
-0.3604946268309299,0
-0.3437612506681811,0
-0.8603128403612912,0
-0.6653328319007712,0
-0.6507820298720786,0
-0.6689705501657315,0
-0.6689704791345816,0
-0.7904692250263623,0
-0.3561296916562653,0
-0.34303389169617793,0
0.15096388737286714,0
0.7286285472556568,0
0.7460893534215587,0
0.7730082412825872,0
0.7933794067414461,0
0.7868314712458271,0
0.7475444265213125,0
0.2819205728974752,0
0.28119292980087396,0
-0.28628596977461207,0
-0.31102242556388315,0
-0.7700981661142277,0
-0.6806112059949152,0
-0.6449617374730616,0
-0.6689705146501566,0
-0.7635504081964832,0
-0.7737359554103378,0
-0.14732624013905626,0
-0.137868300506228,0
-0.11895227917827311,0
-0.019279665298381765,0
-0.03092017906526623,0
-0.21571481788980584,0
-0.6245907140765019,0
-0.6711531242997881,0
-0.6682429781002797,0
-0.4929064209708671,0
-0.4456165097132785,0
-0.46671510517529047,0
-0.433975995946394,0
-0.5736631555851028,0
-0.44998180004369104,0
-0.41651504771819337,0
-0.39468888019073,0
-0.1618769001054492,0
0.07457258515134324,0
0.1138597009070077,0
0.04328862005335088,0
-0.05129127349297535,0
0.044015979025354035,0
-0.10076382991577004,0
-0.5758456942035846,0
-0.5503819149578848,0
-0.5707529738700194,0
-0.7198981086571306,0
-0.5794834479841198,0
-0.8472171114323532,0
-0.7584576168317683,0
-0.7708258092108293,0
-0.9061476785191251,0
-0.9017824592198624,0
-0.7453619589339802,0
-0.765005516811812,0
-0.7606402264813998,0
-0.7533647899514788,0
-0.8923244130403103,0
-0.48563112650324536,0
-0.612950129278468,0
-0.48126590720398266,0
-0.5016368595693925,0
-0.5103673691990678,0
-0.9396143242978985,0
-0.7650054812962375,0
-0.7890141874421825,0
-0.8093852818698921,0
-0.7540924330480805,0
-0.7271735096714766,0
-0.7242633989875431,0
-0.7293560482899588,0
-0.743906850318651,0
-0.8755910368775615,0
-0.46526010310668564,0
-0.47981076307307857,0
-0.48199340823828507,0
-0.45580202141155857,0
-0.4827210513348863,0
-0.8661330617291587,0
-0.7606402264813998,0
-0.8959620957896961,0
-0.6827936735822475,0
-0.6558748567523685,0
-0.6675153705192529,0
-0.6718807318808149,0
-0.6362314054212606,0
-0.5780282683376412,0
-0.61367763031277,0
-0.3357584551662569,0
-0.34667139686768955,0
-0.36558734716449504,0
-0.3561294075316672,0
-0.43033827768143373,0
-0.8363039921530468,0
-0.7104401335087278,0
-0.6733358049805691,0
-0.78974165296091,0
-0.3495816851294973,0
-0.4121500059968044,0
0.21134938549709448,0
0.48490348340664413,0
0.7111675990274562,0
0.7475445685836122,0
0.7613677985468521,0
0.7853763271149234,0
0.7846489681429207,0
0.7955619098443525,0
0.2157148178898063,0
-0.2608222615600617,0
-0.7133502797082367,0
-0.6129501647940425,0
-0.6136777013439199,0
-0.6675154770659772,0
-0.6740632349837217,0
-0.655147355718066,0
-0.6456893450540884,0
-0.6820662435790945,0
-0.15532910667212985,0
-0.15169145943831897,0
-0.14878124220766065,0
-0.15678417977188408,0
-0.12550007261159246,0
-0.09348846441699887,0
-0.7322663010361916,0
-0.636958870939988,0
-0.6413241257548257,0
-0.6355037623246589,0
-0.6413240547236758,0
-0.6391415161051941,0
-0.6493270278034742,0
-0.6165878120278534,0
-0.7540924330480805,0
-0.61877038616191,0
-0.8072025301579613,0
-0.5722080469697737,0
-0.2797379632478436,0
-0.29210619114247915,0
-0.38523086952675234,0
-0.29574383837629004,0
-0.3088394962740786,0
-0.3197525800378105,0
-0.010549297731005769,0
-0.03237539422731972,0
-0.2877410783899408,0
0.28628575668116385,0
0.30156405974415845,0
0.3153872186762485,0
0.32411779933707363,0
0.2884684018463699,0
0.2586394388169819,0
0.19461618691221982,0
0.2295380478530462,0
0.2091669534253371,0
0.19243364829373766,0
0.16769733456676583,0
-0.11531456091331282,0
-0.37722800299367876,0
-0.7373589503386069,0
-0.5962167531157192,0
-0.5649326459554276,0
-0.8886867658064994,0
-0.7591851533816456,0
-0.7722808823105836,0
-0.7941069077757477,0
-0.8115678915195232,0
-0.797017125006406,0
-0.9294288125996188,0
-0.8363040631841963,0
-0.7948345153567744,0
-0.7868315777925514,0
-0.8072026722202605,0
-0.7606402264813998,0
-0.8464895393669014,0
-0.207711809294433,0
-0.18879585899762752,0
-0.20698423722898074,0
-0.1764277731652908,0
-0.7759184585132446,0
-0.684248888744301,0
-0.6587850029518769,0
-0.6165877765122789,0
-0.636958870939988,0
-0.6355037623246589,0
-0.6289558623446152,0
-0.6442341654076098,0
-0.6435068064356066,0
-0.6231357120078975,0
-0.7548199340823825,0
-0.591851569332031,0
-0.5627501073369459,0
-0.6682429425847047,0
-0.6566023933022453,0
-0.7548198275356581,0
-0.3452163237679353,0
-0.35758455166257086,0
-0.3597671257966275,0
-0.36122226992753115,0
-0.38159329332409087,0
-0.39978174258659394,0
-0.7235358269220913,0
-0.6427792343701548,0
-0.5918516403631808,0
-0.5911240682977286,0
-0.5962168596624435,0
-0.3444888227336329,0
-0.3590396247623251,0
-0.113859558844708,0
-0.09276089235154661,0
-0.10003632888146763,0
-0.21716974892726082,0
-0.10803926644569106,0
-0.1124043436826545,0
-0.6667879405160999,0
-0.6667879405160999,0
-0.67697345221438,0
-0.6857038908129054,0
-0.6740632349837217,0
-0.6827937801289719,0
-0.7198981796882804,0
-0.6704255877499108,0
-0.6871588928815102,0
-0.6013095089648588,0
-0.7286286182868058,0
-0.0985812557817134,0
-0.10076390094691945,0
-0.0643869313907639,0
-0.11240441471380391,0
-0.11822470711282129,0
-0.11531456091331282,0
-0.6180429206431826,0
-0.6376864430054399,0
-0.6173153840933057,0
-0.776645959547547,0
-0.6987995842262689,0
-0.6820661725479451,0
-0.7504546792675453,0
-0.7315388000018892,0
-0.8661330617291587,0
-0.452164480724472,0
0.10585662128048501,0
0.12622771570819458,0
0.35540190649736525,0
0.39032366089146775,0
0.6362312988745367,0
0.639141516105195,0
0.6595123974394554,0
0.6369587999088391,0
0.6500544578066276,0
0.13859569499380653,0
-0.48126597823513206,0
-0.615860310993551,0
-0.7024372669756542,0
-0.6194979937429368,0
-0.6304110419910938,0
-0.6347762612903565,0
-0.6369588354244131,0
-0.7453619234184052,0
-0.6558747857212186,0
-0.6464168460883908,0
-0.6485994912535968,0
-0.5983993982809253,0
-0.604947262745394,0
-0.594761680015965,0
-0.6980719766452421,0
-0.3401236744655196,0
-0.044015907994204184,0
-0.03310296629277154,0
-0.03310282423047228,0
-0.06293185829100967,0
-0.10221897404667368,0
-0.68206620806352,0
-0.6689705501657315,0
-0.6835212811632743,0
-0.8130227870414037,0
-0.6078573379137531,0
-0.50090942956624,0
-0.47544554377381587,0
-0.6071298368794507,0
-0.7308111924208625,0
-0.52491817122776,0
-0.5569297083912041,0
-0.5707529383544445,0
-0.5860312414174391,0
-0.5773008383344882,0
-0.6616951136358105,0
-0.7017097304257773,0
-0.8370315997340736,0
-0.5285556763992716,0
-0.5249181001966106,0
-0.20989452549078846,0
-0.24481635091604037,0
-0.2113495985905427,0
-0.41942530046442617,0
0.1873408214134482,0
0.20771170274770911,0
0.19461608036549505,0
0.24045095403890437,0
0.24699874747222372,0
0.23535809164304,0
0.6980720121608175,0
0.7751908864477932,0
0.21498724582435402,0
0.2331756950868571,0
0.17933806142709896,0
-0.12404507054298763,0
-0.13714072844077618,0
-0.6420516978202775,0
-0.6413241257548257,0
-0.6464169171195402,0
-0.663877723285442,0
-0.6587850029518769,0
-0.6791560618640111,0
-0.6857039263284803,0
-0.7308111924208625,0
-0.7111677055741801,0
-0.8115678915195232,0
-0.18152056453000576,0
-0.14805381220450808,0
-0.1553292487344291,0
-0.07530008618564521,0
-0.05492906278908549,0
-0.27682781704833515,0
-0.5212803819316498,0
-0.525645601230913,0
-0.5525645246075164,0
-0.58966888865125,0
-0.634776225774782,0
-0.6260457871762561,0
-0.7722807757638592,0
-0.8413968190333363,0
-0.679156097379586,0
-0.6937068283771288,0
-0.7431793492843486,0
-0.8253909794204644,0
-0.480538264107381,0
-0.5401964742907546,0
-0.21280467169029738,0
0.340851175499822,0
0.4878136296061526,0
0.42742798941962645,0
0.3444888227336329,0
0.10803915989896673,0
0.1378681229283547,0
0.13423047569454383,0
0.07238979792383793,0
0.03455796836137637,0
-0.42597316492889536,0
-0.4630775644882039,0
-0.5401964742907546,0
-0.5401964742907546,0
-0.5401964742907546,0
-0.5401964742907546,0
-0.5401964742907546,0
-0.5401964742907546,0
-0.5401964742907546,0
-0.5401964742907546,0
-0.5401964742907546,0
-0.5401964742907546,0
-0.5401964742907546,0
-0.5401964742907546,0
-0.5401964742907546,0
-0.5401964742907546,0
-0.5401964742907546,0
-0.5401964742907546,0
-0.5401964742907546,0
-0.5401964742907546,0
-0.5401964742907546,0
-0.5401964742907546,0
-0.5401964742907546,0
-0.5401964742907546,0
-0.5401964742907546,0
-0.5401964742907546,0
-0.5401964742907546,0
-0.5401964742907546,0
-0.5401964742907546,0
-0.5401964742907546,0
-0.5401964742907546,0
-0.5401964742907546,0
-0.5401964742907546,0
-0.5401964742907546,0
-0.5401964742907546,0
-0.5401964742907546,0
-0.5401964742907546,0
-0.5401964742907546,0
-0.5401964742907546,0
-0.5401964742907546,0
-0.5401964742907546,0
-0.5401964742907546,1
-0.5401964742907546,1
-0.5401964742907546,1
-0.5401964742907546,1
-0.5401964742907546,1
-0.5401964742907546,1
-0.5401964742907546,1
-0.5401964742907546,1
-0.5401964742907546,1
-0.5401964742907546,1
-0.5401964742907546,1
-0.5401964742907546,1
-0.5401964742907546,1
-0.5401964742907546,1
-0.5401964742907546,1
-0.5401964742907546,1
-0.5401964742907546,1
-0.5401964742907546,1
-0.5401964742907546,1
-0.5401964742907546,1
-0.5401964742907546,1
-0.5401964742907546,1
-0.5401964742907546,1
-0.5401964742907546,1
-0.5401964742907546,1
-0.5401964742907546,1
-0.5401964742907546,1
-0.5401964742907546,1
-0.5401964742907546,1
-0.5401964742907546,1
-0.5401964742907546,1
-0.5401964742907546,1
-0.5401964742907546,1
-0.5401964742907546,1
-0.5401964742907546,1
-0.5401964742907546,1
-0.5401964742907546,1
-0.5401964742907546,1
-0.5401964742907546,1
-0.5401964742907546,1
-0.5401964742907546,1
-0.5401964742907546,1
-0.5401964742907546,1
-0.5401964742907546,1
-0.5401964742907546,1
-0.5401964742907546,1
-0.5401964742907546,1
-0.5401964742907546,1
-0.5401964742907546,1
-0.5401964742907546,1
0.10076382991577049,1
0.12768271777679896,1
0.15169153046946882,1
0.21716974892726126,1
0.19316107829689066,1
0.23535823370533882,1
0.21280463617472245,1
0.1495088142731129,1
0.13277536707921467,1
0.11967974469700104,1
0.12113478228118035,1
0.090578247186341,1
-0.4827210158193118,1
-0.48781384269960126,1
-0.8843215465072367,1
-0.8013822732745193,1
-0.7941069077757477,1
-0.7322661944894673,1
-0.8392142448992796,1
-0.4608948127762731,1
-0.2913785480458779,1
-0.18588571279811905,1
-0.13932337360598224,1
-0.17133491076942642,1
-0.8079301022234131,1
-0.7380865579196336,1
-0.7111677410897546,1
-0.7031648035255316,1
-0.7009821583603251,1
-0.6922517197617997,1
-0.703892304559834,1
-0.7009821583603251,1
-0.6507821719343778,1
-0.6689704436190071,1
-0.6973444400953648,1
-0.6733357339494193,1
-0.6558749277835179,1
-0.6587850739830263,1
-0.7380865579196336,1
-0.5867587424517415,1
-0.6886140725279888,1
-0.31611486177284975,1
-0.06002178312265061,1
-0.005456577397440654,1
0.5103674402302176,1
0.5452891946243201,1
0.2499088936717322,1
0.39468880915958104,1
0.4288831335505301,1
0.41142218532232944,1
0.3779555040279816,1
0.4128772584220841,1
0.33284823793559903,1
-0.18079306349570334,1
-0.5401964742907546,1
-0.5401964742907546,1
-0.5401964742907546,1
-0.5401964742907546,1
-0.5401964742907546,1
-0.5401964742907546,1
-0.5401964742907546,1
-0.5401964742907546,1
-0.5401964742907546,1
-0.5401964742907546,1
-0.5401964742907546,1
-0.5401964742907546,1
-0.5401964742907546,1
-0.5401964742907546,1
-0.5401964742907546,1
-0.5401964742907546,1
-0.5401964742907546,1
-0.5401964742907546,1
-0.5401964742907546,1
-0.5401964742907546,1
-0.5401964742907546,1
-0.5401964742907546,1
-0.5401964742907546,1
-0.5401964742907546,1
-0.5401964742907546,1
-0.5401964742907546,1
-0.5401964742907546,1
-0.5401964742907546,1
-0.5401964742907546,1
-0.5401964742907546,1
-0.5401964742907546,1
-0.5401964742907546,1
-0.5401964742907546,1
-0.5401964742907546,1
-0.5401964742907546,1
-0.5401964742907546,1
-0.5401964742907546,1
-0.5401964742907546,1
-0.5401964742907546,1
-0.5401964742907546,1
-0.5401964742907546,1
-0.5401964742907546,1
-0.5401964742907546,1
-0.5401964742907546,1
-0.8770461454928906,1
-0.5016370016316918,1
0.022189811497890677,1
0.06438682484403957,1
0.08766813650240701,1
0.13059279294515802,1
0.1669697269857391,1
0.16333193768962895,1
0.17279012593148035,1
0.18370303211733807,1
0.18806818038545137,1
0.44779915487848543,1
0.3648599171613429,1
-0.16915240766651962,1
-0.22153511028882278,1
-0.48999634580250806,1
-0.5358311839603425,1
-0.9046924988726466,1
-0.8006547367246419,1
-0.7802837843592321,1
-0.7235357914065164,1
-0.6704255167187614,1
-0.679156097379586,1
-0.6573299298521227,1
-0.6449617729886366,1
-0.6405965536893738,1
-0.6587849319207271,1
-0.7591851533816456,1
-0.3692251364606052,1
-0.35685697959711904,1
-0.33357581000105085,1
-0.29574376734514063,1
-0.40923961118827235,1
-0.7991997346560371,1
-0.6966169035454879,1
-0.6689704791345816,1
-0.7046199121408607,1
-0.6944343294114312,1
-0.7169879624576221,1
-0.719170678653978,1
-0.7213532527880346,1
-0.7693706295643503,1
-0.7635503726809083,1
-0.7475445685836113,1
-0.8843214754760869,1
-0.22590018752578622,1
-0.21280452962799812,1
-0.207711809294433,1
-0.2273554026878397,1
-0.16478704630495766,1
-0.3503092571949491,1
-0.31465985970424537,1
0.35103661616695225,1
0.3204800810721129,1
0.38668601365765687,1
0.3219351541718676,1
0.36049469786207977,1
0.3670424912953991,1
0.3677700633608514,1
0.6544197481370397,1
0.6224081399424457,1
0.8755910013619874,1
0.316842433838302,1
-0.5401964742907546,1
-0.5401964742907546,1
-0.5401964742907546,1
-0.5401964742907546,1
-0.5401964742907546,1
-0.5401964742907546,1
-0.5401964742907546,1
-0.5401964742907546,1
-0.5401964742907546,1
-0.5401964742907546,1
-0.5401964742907546,1
-0.5401964742907546,1
-0.5401964742907546,1
-0.5401964742907546,1
-0.5401964742907546,1
-0.5401964742907546,1
-0.5401964742907546,1
-0.5401964742907546,1
-0.5401964742907546,1
-0.5401964742907546,1
-0.5401964742907546,1
-0.5401964742907546,1
-0.5401964742907546,1
-0.5401964742907546,1
-0.5401964742907546,1
-0.5401964742907546,1
-0.5401964742907546,1
-0.5401964742907546,1
-0.5401964742907546,1
-0.5401964742907546,1
-0.5401964742907546,1
-0.5401964742907546,1
-0.5401964742907546,1
-0.13859587257168027,1
-0.12331771157098492,1
0.45798459554561566,1
0.4696252513747994,1
0.4150598325561403,1
0.45943981070766915,1
0.19097832658495983,1
0.20625673619467877,1
0.1902509320973822,1
0.26955252258071427,1
0.24772635505325047,1
0.20989438342848965,1
-0.33721352826601114,1
-0.3124772855701887,1
-0.7409967041191425,1
-0.6216805678769934,1
-0.6253182151108043,1
-0.07602751618879777,1
-0.04692612522486206,1
-0.12331749847753581,1
-0.24336113575398732,1
-0.1662421194047119,1
-0.8392141738681298,1
-0.9141505450521992,1
-0.7991996991404626,1
-0.7802837488436571,1
-0.7540925040792299,1
-0.767915591980171,1
-0.7460894954838571,1
-0.7700982371453771,1
-0.743906850318651,1
-0.73663141378873,1
-0.6762458091177783,1
-0.8093852463543172,1
-0.7024373024912292,1
-0.6864313918472078,1
-0.6966169035454879,1
-0.6485994202224474,1
-0.7308111569052875,1
-0.39323380709097533,1
-0.3983265984556903,1
-0.4034193187892554,1
-0.38232086538954313,1
-0.879956327207974,1
-0.7933794067414452,1
-0.7628228716466059,1
-0.751909787882874,1
-0.9141505450521992,1
-0.7613677630312767,1
-0.7344488396546733,1
-0.762095335096729,1
-0.40560214153233565,1
0.7257184010561484,1
0.8166605763375139,1
0.7795561057470564,1
0.767188090945869,1
0.7882866153767307,1
0.7810111078156603,1
0.7817387509122624,1
0.3073843521431754,1
0.3059292790434207,1
0.3132047155733422,1
-0.29647158801961604,1
-0.22953815439977054,1
-0.7133503152238112,0
-0.6064023003295738,0
-0.5874864210639177,0
-0.5962167886312937,0
-0.6806111349637658,0
-0.09494353751675311,0
-0.12841028984225078,0
-0.17497262903438715,0
-0.1487813132388105,0
-0.14659873910475385,0
-0.6849763542630285,0
-0.560567355625015,0
-0.6580574664019996,0
-0.6325936161251504,0
-0.4783557610044742,0
-0.45871216761106703,0
-0.4485266559127874,0
-0.47908326203877616,0
-0.5089122960993135,0
-0.47908319100762675,0
-0.5722080114541988,0
-0.5300108915613251,0
-0.7155329248734428,0
-0.3794106481588848,0
-0.10731176541138865,0
-0.09130581925179238,0
-0.09494353751675311,0
-0.07311744102043916,0
-0.10294640404982669,0
-0.605674692748547,0
-0.599127005861952,0
-0.6034921896456398,0
-0.6347761902592071,0
-0.5991269703463771,0
-0.5714805459354713,0
-0.6238632130421995,0
-0.8348490611155914,0
-0.7213531817568848,0
-0.7184430000418018,0
-0.7068025217904919,0
-0.6922517197617997,0
-0.8777737530739174,0
-0.869043278959817,0
-0.44197893351061746,0
-0.4528919462431995,0
-0.4339759249152446,0
-0.4121497573877808,0
-0.43615849904930126,0
-0.15823953699623683,0
-0.19898158378935626,0
0.159694325971393,0
0.08184777307224067,0
0.07748269583527678,0
0.11094937712962505,0
0.10367394059970403,0
0.10949426851429589,0
0.13932330257483327,0
0.12040728124687838,0
-0.4390688583422584,0
-0.42888334664397876,0
-0.1698800507631213,0
-0.43397585388409476,0
-0.19316100726574037,0
-0.17133498180057627,0
-0.15096395840401655,0
-0.23899584542357477,0
-0.4849034834066437,0
-0.7657330888772642,0
-0.743179420315498,0
-0.7664605188804168,0
-0.7431792782531987,0
-0.7031647680099566,0
-0.7177154990074994,0
-0.7089850248933991,0
-0.6944342938958563,0
-0.6849764252941779,0
-0.6777009532486824,0
-0.6485994912535968,0
-0.6544198191681887,0
-0.6551472136557668,0
-0.6304109709599444,0
-0.8268460880357935,0
-0.42597312941332044,0
-0.15314667460037246,0
-0.14223359083664056,0
0.41505990358729017,0
0.4558019503804096,0
0.4892685606436076,0
0.47835561894217493,0
0.28846833081522005,0
0.24627121092234683,0
0.32266265520617,0
0.6042196906799426,0
0.6522371029718337,0
0.6398690171394974,0
0.06438714448421301,0
0.3699527795572073,0
0.3779555040279816,0
-0.015641947033421033,0
0.0010914291293278033,0
-0.01855216426407935,0
-0.6762458446333532,0
-0.5743906566194052,0
-0.5678428987016604,0
-0.6806111704793403,0
-0.5816660221181764,0
-0.5765733017846113,0
-0.6042196196487928,0
-0.6056747992952713,0
-0.7635503016497585,0
-0.8086576387732904,0
-0.6929791852805272,0
-0.8232084052864077,0
-0.19461615139664445,0
-0.15241896047262138,0
-0.20698423722898074,0
-0.1429609498086437,0
-0.13568558430987254,0
-0.762822836131031,0
-0.5074572229995593,0
-0.5365586849946444,0
-0.5183703067632912,0
-0.5365587560257943,0
-0.5401963322284553,0
-0.5532920611573933,0
-0.7671880554302941,0
-0.6100399830789591,0
-0.6405965536893738,0
-0.6573299298521227,0
-0.6704255522343363,0
-0.6064023003295738,0
-0.6827937446133969,0
-0.3473990399642912,0
-0.33721352826601114,0
-0.33866853033461597,0
-0.37213528266011364,0
-0.3248453003713756,0
-0.6595125395017538,0
-0.5598399256218625,0
-0.5583847814909584,0
-0.5780283038532161,0
-0.7169878914264727,0
-0.6100399475633846,0
-0.6042196196487928,0
-0.818843185987145,0
-0.7817388219434114,0
-0.40632960705106314,0
0.19970897827693435,0
0.09421596545130129,0
0.34885404203289605,0
0.6005820434461318,0
0.5802108779872728,0
0.5787559469498178,0
0.5642052159522755,0
0.5642052159522755,0
0.017096984617600786,0
-0.5547472763194468,0
-0.6907966821776204,0
-0.3110223190171588,0
-0.20334676757304404,0
0.31393214557649474,0
0.24554385195034323,0
0.3037468469716633,0
0.3554018354662154,0
0.3299380207049407,0
0.3583120526968737,0
0.3335756679387516,0
0.3539467623664616,0
0.3357583841351075,0
0.3182975069380567,0
0.08694074201482938,0
0.044743622121955706,0
-0.2462712819534958,0
-0.29792648354149653,0
-0.4834485523691887,0
-0.7104402045398777,0
-0.636958870939988,0
-0.6529646040061352,0
-0.8872316927067452,0
-0.773008383344886,0
-0.7642778026840609,0
-0.872680890678053,0
-0.725718365540573,0
-0.6973443690642154,0
-0.7453619589339802,0
-0.7220808248534865,0
-0.8464895748824759,0
-0.4252455573478686,0
-0.37431778576302044,0
-0.39250630605667336,0
-0.36631491922994686,0
-0.7198981441727055,0
-0.6798835984138885,0
-0.6653327963851963,0
-0.7322663365517665,0
-0.7308112279364374,0
-0.8384866373182529,0
-0.70607494972504,0
-0.8821389013420302,0
-0.7511821447862728,0
-0.797017125006406,0
-0.7620952995811541,0
-0.8894142668408018,0
-0.41142232738462825,0
-0.1509638873728667,0
-0.11749727710966829,0
-0.12550000158044305,0
-0.1160420619476148,0
-0.362677271996136,0
-0.757002543732014,0
-0.6660603329350732,0
-0.7999272356903395,0
-0.6420516267891281,0
-0.7904693315730866,0
-0.6646052953508939,0
-0.6464168105728159,0
-0.6158602754779765,0
-0.5969442896655961,0
-0.6616951136358105,0
-0.29865412663809776,0
-0.06656957655596996,0
-0.06729707759027237,0
-0.052018845558427174,0
-0.12331756950868566,0
-0.09130589028294223,0
-0.4776281179078725,0
-0.7591851533816456,0
-0.6660604394817979,0
-0.6806110994481909,0
-0.6478719902192944,0
-0.685703819781756,0
-0.6449618085042115,0
-0.6726081618839674,0
-0.6675154415504023,0
-0.663150293282289,0
-0.6951619014768831,0
-0.6638777943165914,0
-0.7948345508723493,0
-0.21498717479320417,0
-0.2077118803255824,0
-0.2098943834284892,0
-0.2542741484865694,0
-0.2266278306223879,0
-0.8523099383126427,0
-0.7475445685836113,0
-0.7191705721072537,0
-0.7351764117201252,0
-0.690069181143318,0
-0.640596482658224,0
-0.6347761902592071,0
-0.6747908070491735,0
-0.6522371384874077,0
-0.6362312988745362,0
-0.6427791278234305,0
-0.6966169035454879,0
-0.6893415025311413,0
-0.7671879843991443,0
-0.4281557035473771,0
-0.3561294785628166,0
-0.3524916892667065,0
-0.3830482953926957,0
-0.378683076093433,0
-0.4143324025529873,0
-0.850854794181739,0
-0.5671152556050592,0
-0.674790771533599,0
-0.2571844367483771,0
-0.2928337987235059,0
0.2797379632478445,0
0.28046560634444573,0
0.2753728149797312,0
0.2906509759804261,0
0.2717350967147705,0
0.27100745361816925,0
0.2761003160140336,0
0.8057474925737824,0
0.21498738788665372,0
0.21571488892095614,0
0.22735540268784016,0
-0.07384494205474113,0
-0.7133503507393861,0
-0.6173153485777307,0
-0.6071298368794507,0
-0.6507819943565041,0
-0.6813386004824933,0
-0.6907967176931948,0
-0.6704255167187614,0
-0.6529647105528595,0
-0.6478718481569956,0
-0.6267733237261335,0
-0.8632229155296502,0
-0.7417242051534445,0
-0.8901417323595293,0
-0.7024371959445048,0
-0.7155329603890177,0
-0.7526373954639007,0
-0.7737358843791879,0
-0.45871216761106703,0
-0.4914514189022623,0
-0.5241905991623081,0
-0.5380138291255485,0
-0.8668605627634611,0
-0.7388141299850859,0
-0.6958893669956105,0
-0.7351764117201252,0
-0.8428519276486655,0
-0.5867587424517415,0
-0.5663877190551818,0
-0.5372862215445218,0
-0.7002546928415976,0
-0.15896675390594073,0
-0.06438700242191331,0
-0.09494353751675311,0
-0.13932337360598224,0
-0.1051291202461826,0
-0.11022184057974771,0
-0.10876676747999303,0
-0.6013095089648588,0
-0.6413241967859751,0
-0.6464169171195402,0
-0.6209531733894154,0
-0.6333211881906022,0
-0.6202254947772392,0
-0.7810112498779596,0
-0.6900690745965936,0
-0.6835212811632743,0
-0.42233541114836015,0
-0.18661328486357087,0
-0.18443063969836482,0
-0.191706005197136,0
-0.18443063969836482,0
-0.1917060762282854,0
-0.7533648609826282,0
-0.7046197700785615,0
-0.6696980867156084,0
-0.6995271562917207,0
-0.6740632349837217,0
-0.6857039263284803,0
-0.692979256311677,0
-0.7286285117400815,0
-0.7293561548366831,0
-0.6958893669956105,0
-0.7089850604089736,0
-0.7329937665549191,0
-0.8202982235713248,0
-0.21062202652509088,0
-0.14368859290524538,0
-0.037468043529734985,0
0.010549297731006213,0
-0.0040013622353871625,0
-0.2862858277123128,0
-0.5089123671304634,0
-0.5598398545907126,0
-0.5234630270968563,0
-0.5023643606036949,0
-0.5271006743306672,0
-0.55911242458756,0
-0.5634776438868228,0
-0.8101126763574698,0
-0.6958892959644611,0
-0.6740631994681472,0
-0.6747909135958983,0
-0.6653327608696213,0
-0.18515828279496604,0
-0.15532917770327925,0
0.40269174672380403,0
0.30374677594051347,0
0.3648599881924919,0
0.3772280029936792,0
0.39687152535593606,0
0.38668601365765687,0
0.177882810749471,0
0.14150594774003933,0
0.1058565502493356,0
0.10221883198437487,0
-0.4929066695798907,0
-0.4645326020723832,0
-0.7264460086371747,0
-0.6144052023782223,0
-0.6507821719343778,0
-0.7839213250463182,0
-0.33866853033461597,0
-0.13568565534102195,0
-0.09057824718634055,0
-0.04328840695990177,0
-0.04765362625916447,0
-0.6762459156645027,0
-0.5663877190551818,0
-0.600581936899407,0
-0.7846488615961955,0
-0.6864313918472078,0
-0.634776225774782,0
-0.6507821009032284,0
-0.620953066842691,0
-0.7380866289507835,0
-0.6187705282242093,0
-0.6049471561986697,0
-0.5685702931892385,0
-0.5540195621916957,0
-0.5001818575007881,0
-0.45070930107799345,0
-0.1786104183304973,0
-0.17133498180057627,0
-0.4296107766471313,0
-0.3241177993370732,0
-0.2942887652765358,0
-0.7118953131552068,0
-0.6478718836725701,0
-0.6915241476963478,0
-0.6442342364387592,0
-0.6238632840733493,0
-0.6827936380666726,0
-0.4034194963671296,0
-0.08403059581532046,0
0.7897415464141866,0
0.8057474925737824,0
0.7882865443455818,0
0.7751908154166434,0
0.8122952860071018,0
0.8181155784061187,0
0.22735522510996597,0
0.31102203489256075,0
-0.38013822022433663,0
-0.34376139273048034,0
-0.6958894025111855,0
-0.671880660849665,0
-0.6602400760516312,0
-0.6733357339494193,0
-0.6551472846869162,0
-0.6820662435790945,0
-0.7948344798411999,0
-0.15241903150377079,0
-0.14805374117335823,0
-0.1524191025349202,0
-0.19898137069590716,0
-0.2469988540189476,0
-0.8457621448793233,0
-0.8945070582055163,0
-0.7184430000418018,0
-0.7089849893778242,0
-0.7228083258877889,0
-0.6966169390610624,0
-0.6566024288178203,0
-0.6144051668626473,0
-0.5896689596823999,0
-0.5227355260625539,0
-0.5431065494591136,0
-0.5925790348507585,0
-0.560567355625015,0
-0.6355038333558087,0
-0.41869762185225,0
-0.20480159206377468,0
-0.1567842508030335,0
-0.18370306763291255,0
-0.22371761339172958,0
-0.7970170539752561,0
-0.9119678643714182,0
-0.7562749361509873,0
-0.73663141378873,0
-0.7184430710729512,0
-0.834849025600017,0
-0.4106948973814757,0
-0.4041470329170065,0
0.15823928838721324,0
0.09348839338584947,0
0.11167684264835254,0
0.09348839338584947,0
0.09203332028609523,0
0.1014914019812223,0
0.10440154818073077,0
0.14368848635852105,0
0.3372134572348622,0
-0.1487813132388105,0
-0.13714072844077618,0
-0.4259729873510212,0
-0.43979614628311214,0
-0.45070937210914286,0
-0.8799563627235485,0
-0.9214260170976947,0
-0.7744635274757896,0
-0.8173881839185406,0
-0.7948345153567744,0
-0.7817388219434114,0
-0.7904692605419368,0
-0.8821389723731801,0
-0.802837381889848,0
-0.7431793137687737,0
-0.4143324025529873,0
-0.40632953601991373,0
-0.24045106058562826,0
-0.19534365243094687,0
-0.3306657348326918,0
-0.23244805199025542,0
-0.4776281889390219,0
-0.645689238507364,0
-0.5540196332228455,0
-0.5598399256218625,0
-0.591851533816456,0
-0.607857373429328,0
-0.757002579247589,0
-0.5671153266362086,0
-0.4950890661360732,0
-0.48272090927258704,0
-0.18297556659861014,0
0.07893787548175579,0
0.0985814688751625,0
0.10512919127733245,0
0.10585676334278427,0
0.07748273135085171,0
0.06293207138445878,0
-0.42233541114836015,0
-0.4383411442145073,0
-0.4397962883454114,0
-0.433975995946394,0
-0.4485267269439368,0
-0.44561658074442834,0
-0.4521644452088971,0
-0.6755183080834759,0
-0.7009822293914749,0
-0.3554019064973648,0
-0.13568558430987254,0
-0.15460160563782743,0
-0.1225899974432334,0
-0.1531465325380732,0
-0.18297556659861014,0
-0.8246635494173118,0
-0.7126228141895088,0
-0.6682429425847047,0
-0.6609675770859336,0
-0.7657330533616893,0
-0.6777010242798318,0
-0.6296835409567914,0
-0.629683469925642,0
-0.6129500582473182,0
-0.6253182506263792,0
-0.6369588354244131,0
-0.6806111349637658,0
-0.7620952995811541,0
-0.18734071486672343,0
-0.16624226146701115,0
-0.17570020109983897,0
-0.2353581981897639,0
-0.21280452962799812,0
-0.8835939744417844,0
-0.7766459950631219,0
-0.8857765485758411,0
-0.6842488532287261,0
-0.6580574308864247,0
-0.6267733947572829,0
-0.6384139440397423,0
-0.8355765976654688,0
-0.6886141080435637,0
-0.6871589639126596,0
-0.8537649403812475,0
-0.7031648035255316,0
-0.7286286182868058,0
-0.8552200134810017,0
-0.516915233663537,0
-0.5554746352914499,0
-0.509639797133616,0
-0.4929064920020165,0
-0.5161876615980847,0
-0.4732629696397592,0
-0.8683157068943648,0
-0.7497272492643923,0
-0.7671881619770184,0
-0.7570025082164391,0
-0.7671881619770184,0
-0.7118952776396319,0
-0.7591850468349208,0
-0.7453619234184052,0
-0.7744635274757896,0
-0.7468169965181595,0
-0.7766460660942713,0
-0.8755910723931364,0
-0.21935239409246687,0
-0.18297563762976,0
-0.2113495275593933,0
-0.23317562405570724,0
-0.2702800236150158,0
-0.847944683497805,0
-0.8537649048656726,0
-0.6405965536893738,0
-0.6733357339494193,0
-0.6646052953508939,0
-0.6835212456476993,0
-0.6777009177331075,0
-0.6835212811632743,0
-0.7890141164110331,0
-0.680611063932616,0
-0.6929793273428264,0
-0.7097125969588509,0
-0.8690432434442421,0
-0.7599127609626724,0
-0.723535720375367,0
-0.869043278959817,0
-0.4972717113012797,0
-0.455802092442708,0
-0.3954164522561818,0
-0.3626773430272854,0
-0.40632960705106314,0
-0.6646053308664688,0
-0.6485994557380224,0
-0.6231356764923226,0
-0.7140778872892635,0
-0.4921789909677141,0
-0.19170621829058465,0
-0.14659895219820251,0
0.43470335491839807,0
0.9054200354225244,0
0.9090576826563352,0
0.8712257820627243,0
0.926518559853386,0
0.960712884244336,0
0.952710017711262,0
0.8952345947553941,0
0.43543092698384944,0
0.3444886806713341,0
-0.13859594360282967,0
-0.18806857105677377,0
-0.23608584128636556,0
-0.5125499788486994,0
-0.525645601230913,0
-0.5125499788486994,0
-0.5234630981280057,0
-0.026554959766003083,0
-0.13059286397630743,0
-0.020734667366986148,0
0.012732013927361674,0
-0.015642018064570884,0
-0.02291745459449146,0
-0.7948345153567744,0
-0.6900690035654438,0
-0.6755183080834759,0
-0.6646052953508939,0
-0.6442342009231847,0
-0.6304110419910938,0
-0.6405965536893738,0
-0.6551472846869162,0
-0.7359039837855774,0
-0.7482720696179137,0
-0.5532920256418188,0
-0.7562749716665622,0
-0.7111677055741801,0
-0.41578754668389095,0
-0.16405954527065525,0
-0.3052018490402677,0
-0.2113495275593933,0
-0.21062195549394147,0
-0.7657330533616893,0
-0.8799563627235485,0
-0.7577300802818914,0
-0.7555475061478347,0
-0.7642778737152107,0
-0.7693707361110751,0
-0.7380865224040591,0
-0.7031648390411065,0
-0.6791559553172868,0
-0.6835212456476993,0
-0.7053473776595882,0
-0.863950523110677,0
-0.6660603329350732,0
-0.6704255877499108,0
-0.6631501867355647,0
-0.8093852463543172,0
-0.4383411442145073,0
-0.45652966450816024,0
-0.44707165384418257,0
-0.5845760972865355,0
-0.44270643454491987,0
-0.42742813148192527,0
-0.8130228580725531,0
-0.7097125969588509,0
-0.7060750207561894,0
-0.7693707005955002,0
-0.7853765402083717,0
-0.7948345508723493,0
-0.7359038772388526,0
-0.7533647544359039,0
-0.6777009177331075,0
-0.827573553554521,0
-0.42088019598630666,0
-0.39978167155544453,0
-0.4128773294532331,0
-0.43979614628311214,0
-0.45580202141155857,0
-0.818843185987145,0
-0.6711532308465125,0
-0.6646053308664688,0
-0.6660603684506481,0
-0.6769735232455294,0
-0.7424517772188968,0
-0.7504546437519704,0
-0.7395417020505377,0
-0.8777736820427675,0
-0.9097852902373615,0
-0.8508547586661641,0
-0.21280452962799812,0
-0.1778827042027462,0
-0.1473261691079064,0
-0.12113492434347917,0
-0.0702073658520801,0
-0.4769006168735701,0
-0.6951619014768831,0
-0.27464534946100283,0
-0.3532194389100325,0
0.21716974892726126,0
0.26009447640116123,0
0.24190606265423353,0
0.22881033372529513,0
0.2542741484865698,0
0.27610028049845825,0
0.5263731022652158,0
0.6420515912735536,0
0.34958154306719846,0
0.3190251500346579,0
0.3313932358669942,0
0.041105903856994974,0
0.06293200035330893,0
-0.23535834025206315,0
-0.487813700637302,0
-0.5249182067433349,0
-0.5212804884783746,0
-0.5023644316348448,0
-0.45798473760791447,0
-0.4638051010380808,0
-0.4448890797101259,0
-0.4521644452088971,0
-0.5096399036803403,0
-0.46962525137479894,0
-0.21425967375890176,0
0.06584214655281784,0
0.03237546525846957,0
0.01636959013002315,0
0.0003637860327261322,0
0.022917525625641755,0
-0.6995270142294214,0
-0.5911239262354293,0
-0.554747098741573,0
-0.7861040057270992,0
-0.6987995842262689,0
-0.704619805594136,0
-0.6515096019375308,0
-0.6740633060148715,0
-0.6485994202224474,0
-0.6405965181737989,0
-0.631866115090848,0
-0.6515096374531053,0
-0.8166606473686633,0
-0.4630774579414796,0
-0.5285558184615708,0
-0.5431064784279638,0
-0.5227355260625539,0
-0.53510368292604,0
-0.5387413301598509,0
-0.8675882768912122,0
-0.8013823087900938,0
-0.8137505011691548,0
-0.802109880855546,0
-0.757002579247589,0
-0.7366314493043049,0
-0.7133503152238112,0
-0.7373589858541818,0
-0.7417242406690194,0
-0.722808254856639,0
-0.7206256452070079,0
-0.7489996771989405,0
-0.8872316927067452,0
-0.18588571279811905,0
-0.20116401586111365,0
-0.20989445445963906,0
-0.20480173412607394,0
-0.2164422478929584,0
-0.6995270142294214,0
-0.847944683497805,0
-0.7337213741359458,0
-0.6798835628983135,0
-0.6682430136158541,0
-0.8763186089430133,0
-0.7388141655006604,0
-0.7722807757638592,0
-0.7708258092108293,0
-0.7620952995811541,0
-0.9359766770640876,0
-0.7977446615562829,0
-0.7671880199147192,0
-0.7504546437519704,0
-0.70607494972504,0
-0.7024372314600797,0
-0.39614395329048424,0
-0.42088019598630666,0
-0.4121497573877808,0
-0.4019642456895012,0
-0.7846490036584948,0
-0.6864314628783577,0
-0.6726081973995424,0
-0.6871589639126596,0
-0.6973445466420891,0
-0.6900690035654438,0
-0.8493997921131342,0
-0.3524917958134308,0
-0.37431803437204403,0
0.4739903286117628,0
0.7737358133480385,0
0.8493997565975602,0
0.8843215109916618,0
0.8741359992933826,0
0.8574026941617832,0
0.7700981661142277,0
0.6100400541101094,0
-0.23899609403259836,0
-0.23099329853067418,0
-0.6900690745965936,0
-0.5161877326292346,0
-0.4776281889390219,0
-0.5110949057489451,0
-0.5612949632060418,0
-0.5278283174272684,0
-0.28410332460940557,0
0.00400150429768642,0
0.026555172859452636,0
-0.03455796836137637,0
-0.06584200449051814,0
-0.06729714862142178,0
-0.21935246512361672,0
-0.5096398681647654,0
-0.5532921321885431,0
-0.5540197042539949,0
-0.52491817122776,0
-0.5816659866026015,0
-0.5118225133299719,0
-0.525645601230913,0
-0.5067296509341075,0
-0.5467441966929245,0
-0.5154600895326329,0
-0.5227354550314041,0
-0.5394689022253027,0
-0.26809737844980974,0
-0.02146231046358782,0
0.006184220494042325,0
-0.022917312532192646,0
-0.07166236792068492,0
-0.12695521674249655,0
-0.6224081044268708,0
-0.7308112279364374,0
-0.2964714814728917,0
-0.21571485340538032,0
0.29938148561010136,0
0.29501619527968925,0
0.2586394388169819,0
0.2753728149797312,0
0.13568558430987254,0
0.15096381634171774,0
0.1524189959881963,0
0.13932330257483327,0
-0.45798477312348895,0
-0.2535467895145662,0
-0.18734092796017254,0
-0.4470715828130327,0
-0.45943973967651885,0
-0.4616223138105755,0
-0.43834121524565717,0
-0.43615849904930126,0
-0.8661330972447336,0
-0.7213532172724597,0
-0.7424518127344713,0
-0.73008369138656,0
-0.8355764911187444,0
-0.6325935806095755,0
-0.8479446124666556,0
-0.7068024152437675,0
-0.6675154770659772,0
-0.9054201419692482,0
-0.9105129333339628,0
-0.2448161378225917,0
-0.21571467582750659,0
-0.21571467582750659,0
-0.2309929788905012,0
-0.2208074671922211,0
-0.9287013825964658,0
-0.7453619234184052,0
-0.8013823087900938,0
-0.7642779447463601,0
-0.6944342938958563,0
-0.6675153705192529,0
-0.6558748567523685,0
-0.6616951136358105,0
-0.6318660085441237,0
-0.6616950781202355,0
-0.6696981577467582,0
-0.6602400050204813,0
-0.7104402045398777,0
-0.7089850959245485,0
-0.7089850959245485,0
-0.7722808467950086,0
-0.5351036118948902,0
-0.5241905991623081,0
-0.46526003207553623,0
-0.47035275240910135,0
-0.45798473760791447,0
-0.8297563052664518,0
-0.7002545507792983,0
-0.7184430000418018,0
-0.73008369138656,0
-0.7002545862948732,0
-0.6944343649270057,0
-0.7606402264813998,0
-0.10585655024933516,0
-0.062204286225557404,0
-0.08621302788707785,0
-0.04619862419056009,0
-0.06511450345621572,0
-0.04619855315941024,0
-0.6500545288377766,0
-0.5663877545707567,0
-0.580938521083874,0
-0.5794833769529704,0
-0.5525646311542407,0
-0.5983993627653503,0
-0.6485994557380224,0
-0.8646780596605539,0
-0.7228083614033638,0
-0.6929792918272515,0
-0.8079302442857124,0
-0.1051291202461826,0
-0.09712625371310857,0
-0.08621316994937711,0
-0.09712625371310857,0
-0.06656957655596996,0
-0.7242632924408188,0
-0.620953066842691,0
-0.6347761902592071,0
-0.711895242124057,0
-0.6718805898185156,0
-0.6769733456676557,0
-0.8552200134810017,0
-0.8544925479622743,0
-0.6071298723950256,0
-0.5896689596823999,0
-0.5969442541500212,0
-0.7038922690442591,0
-0.24990914228075534,0
-0.03601311249228001,0
0.8479446834978055,0
0.8355764556031695,0
0.8093850687764435,0
0.7904691895107878,0
0.8734084272279303,0
0.5692978652546912,0
0.3292105196706383,0
0.32411779933707363,0
0.3699524954326088,0
0.3859584415922046,0
-0.1575118228684853,0
-0.20698437929128,0
-0.6471443116071183,0
-0.7177154634919245,0
-0.480538264107381,0
-0.6653328319007712,0
-0.5081847950650111,0
-0.5140050874640285,0
-0.527828246396119,0
-0.5954893231125662,0
-0.8406693535146088,0
-0.4732629696397592,0
-0.5860311703862897,0
-0.4623498858760273,0
-0.5060022209309545,0
-0.5489269128892804,0
-0.5460166246274727,0
-0.887959264772197,0
-0.7773735671285738,0
-0.7744634564446402,0
-0.7897417239920599,0
-0.7111677410897546,0
-0.6631501867355647,0
-0.6813386004824933,0
-0.7089850959245485,0
-0.6937067218304045,0
-0.8479445769510807,0
-0.47690068790471996,0
-0.52491817122776,0
-0.46380488794463215,0
-0.4492542279782392,0
-0.7846490391740697,0
-0.7184431065885262,0
-0.7089850959245485,0
-0.7380865579196336,0
-0.7148052817768411,0
-0.6980720831919665,0
-0.7009821938759,0
-0.7140778162581136,0
-0.6485994202224474,0
-0.7359039127544276,0
-0.7446343513529534,0
-0.8261185514859166,0
-0.25936701088243375,0
-0.19025100312853116,0
-0.1480538832356575,0
-0.13568558430987254,0
-0.12404514157413749,0
-0.5060021498998051,0
-0.8101127473886196,0
-0.6151327389280992,0
-0.5903965672634266,0
-0.5823935586680533,0
-0.6020371165458855,0
-0.6129502003096174,0
-0.5969443962123204,0
-0.6136777368594948,0
-0.7781011391940256,0
-0.40269188878610285,0
-0.18734078589787329,0
-0.14950895633541172,0
-0.11531463194446223,0
-0.13714072844077618,0
-0.1378682294750786,0
-0.17497262903438715,0
-0.7460894954838571,0
-0.6122226282441656,0
-0.6507821009032284,0
-0.6427792343701548,0
-0.6318661861219979,0
-0.8268461590669434,0
-0.6355037978402338,0
-0.6551473202024911,0
-0.685703819781756,0
-0.6864314273627827,0
-0.6413240547236758,0
-0.10658412231478698,0
-0.13641315637532436,0
-0.11385948781355859,0
-0.13132043604175925,0
-0.13495808327557013,0
-0.48490362546894294,0
-0.8246634428705875,0
-0.7344488751702483,0
-0.7351764117201252,0
-0.73663141378873,0
-0.85303747486252,0
-0.4710805020524269,0
0.1320480081072115,0
0.1014914019812223,0
0.21571467582750659,0
0.21134945652824433,0
0.240450918523329,0
0.21353213720902486,0
0.4572571655424631,0
0.48635862753754777,0
0.6209529958115421,0
0.29283362114563216,0
0.3073844942054742,0
0.27973803427899346,0
-0.01782459219862753,0
-0.6013095089648588,0
-0.6194979937429368,0
-0.6238632485577744,0
-0.6587850029518769,0
-0.6464169526351151,0
-0.6267733237261335,0
-0.6405965181737989,0
-0.6355037623246589,0
-0.6420515557579782,0
-0.6515095664219559,0
-0.6071297658483013,0
-0.5663876835396069,0
-0.5823935941836282,0
-0.5903964607167018,0
-0.5882138865826452,0
-0.7220807183067621,0
-0.3830483664238451,0
-0.138595730509381,0
-0.13932337360598224,0
-0.12404499951183823,0
-0.10512904921503274,0
-0.834849025600017,0
-0.7351765182668495,0
-0.6922516487306503,0
-0.6980719766452421,0
-0.6893415380467163,0
-0.6544197126214644,0
-0.6391414095584698,0
-0.6529647105528595,0
-0.6485995622847467,0
-0.6718806253340905,0
-0.6464168816039657,0
-0.6798835984138885,0
-0.6427791278234305,0
-0.7249909710529949,0
-0.8057475280893569,0
-0.9221534115852728,0
-0.4776281889390219,0
-0.47690068790471996,0
-0.45434694831180433,0
-0.41069475531917643,0
-0.36631499026109626,0
-0.7482721051334886,0
-0.6391415161051941,0
-0.7497272492643923,0
-0.6369588354244131,0
-0.6114950206631389,0
-0.6034921541300653,0
-0.738814058953936,0
-0.3524916892667065,0
-0.12186249640893143,0
-0.13714065740962678,0
-0.08184780858781515,0
-0.017097091164325118,0
-0.06802464965572419,0
-0.03965075972609089,0
-0.5503820215046091,0
-0.5722081180009231,0
-0.7271734741559022,0
-0.6005820789617062,0
-0.5816660221181764,0
-0.5874863500327683,0
-0.6042196551643673,0
-0.6224081044268708,0
-0.6056747282641219,0
-0.6194979937429368,0
-0.05274641762387944,0
-0.023644884597644467,0
-0.04619862419056009,0
-0.03455796836137637,0
-0.06875222172117601,0
-0.4979993543978809,0
-0.7599126544159476,0
-0.6507820298720786,0
-0.663877723285442,0
-0.6944343294114312,0
-0.7082575238590967,0
-0.690069145627743,0
-0.69588943802676,0
-0.781011285393534,0
-0.7315386934551649,0
-0.680611063932616,0
-0.6515096019375308,0
-0.7162604614233197,0
-0.4194251228865524,0
-0.14150587670888948,0
-0.11604220400991405,0
-0.11967978021257553,0
-0.13059286397630743,0
-0.11749720607851888,0
-0.8253909794204644,0
-0.7053473776595882,0
-0.8610403769111685,0
-0.8595853038114143,0
-0.4645326020723832,0
0.11167687816392746,0
0.10440161921188063,0
0.07893766238830668,0
0.1036739050841291,0
0.11240434368265495,0
0.18661310728569713,0
0.20116401586111365,0
0.14296091429306923,0
0.18152038695213202,0
0.21353217272460023,0
-0.13204807913836092,0
-0.1531466035692226,0
-0.5889413876169476,0
-0.5023643606036949,0
-0.4972716402701298,0
-0.4965441392358274,0
-0.869043278959817,0
-0.7824663584932883,0
-0.8639504875951021,0
-0.5998544358651046,0
-0.749727107202093,0
-0.5816659510870266,0
-0.5620224997559191,0
-0.5663876480240324,0
-0.5140049454017293,0
-0.27319016981452426,0
-0.2761002449828833,0
-0.29792648354149653,0
-0.30229177387190864,0
-0.3153873607385478,0
-0.3204800810721129,0
-0.6675154770659772,0
-0.48490362546894294,0
-0.5278283174272684,0
-0.47399054170521104,0
-0.5110948702333702,0
-0.53510368292604,0
-0.5605674266561649,0
-0.6173154196088801,0
-0.5925791769130577,0
-0.23972355955132585,0
-0.22371782648517868,0
0.2964713394105929,0
0.834849025600017,0
0.8333940235314121,0
0.8035647763774265,0
0.6536921050404385,0
0.6296835054412173,0
0.4070569660230663,0
0.2309929433749267,0
-0.2731903829079734,0
-0.3139325717633916,0
-0.3219353672653158,0
-0.7562750071821371,0
-0.6340487602560545,0
-0.6485995267691718,0
-0.6755184146302002,0
-0.7744634209290653,0
-0.3975990974213879,0
-0.13495808327557013,0
-0.12768271777679852,0
-0.15241896047262138,0
-0.15023638633856473,0
-0.1313203650106094,0
-0.36995263749490714,0
-0.7359039482700025,0
-0.5598399966530119,0
-0.5765733017846113,0
-0.6180428851276076,0
-0.6071297658483013,0
-0.6333211526750278,0
-0.6347762968059314,0
-0.6507821009032284,0
-0.666060403966223,0
-0.6355038333558087,0
-0.6267733237261335,0
-0.1036739050841291,0
-0.08694059995252967,0
-0.14805374117335823,0
-0.12331756950868566,0
-0.113859558844708,0
-0.1313203650106094,0
-0.7562750071821371,0
-0.6726083039462667,0
-0.6937067218304045,0
-0.6958893669956105,0
-0.6980719766452421,0
-0.7613676564845524,0
-0.7708258092108293,0
-0.9228810191662995,0
-0.8093852108387423,0
-0.7635504081964832,0
-0.7329937310393442,0
-0.7046198411097109,0
-0.6558748212367935,0
-0.778828640228328,0
0.1989813706959076,0
0.1364132274064742,0
0.6660604039662235,0
0.6973444400953652,0
0.679156061864012,0
0.34448889376478276,0
0.09712611165080975,0
0.13568558430987254,0
0.13277543811036407,0
0.13059286397630743,0
0.19461611588106997,0
0.21862478651144057,0
-0.4005092791364713,0
-0.401236886717498,0
-0.7439068858342255,0
-0.6806111704793403,0
-0.6784285253141342,0
-0.6740633770460209,0
-0.6595124684706044,0
-0.6675153705192529,0
-0.8144779666878823,0
-0.21935239409246687,0
-0.10585662128048456,0
-0.2178973920238625,0
-0.11822470711282129,0
-0.07093479585523266,0
-0.0876681720179815,0
-0.7548198275356581,0
-0.6100399120478097,0
-0.6020370810303111,0
-0.6420517333358524,0
-0.6034921186144904,0
-0.5918516048476059,0
-0.5896688531356751,0
-0.6726082329151173,0
-0.8530375103780945,0
-0.8632230220763746,0
-0.6646052598353189,0
-0.6260458226918311,0
-0.624590678560927,0
-0.6180429561587575,0
-0.6289559333757646,0
-0.7082575593746716,0
-0.3532192613321583,0
-0.3197525800378105,0
-0.3204801521032623,0
-0.308112066270926,0
-0.3292105196706383,0
-0.7286285472556564,0
-0.5954892165658419,0
-0.5605675332028892,0
-0.7228083258877889,0
-0.5140050519484536,0
-0.5380138291255485,0
-0.6485994557380224,0
-0.2666423763812049,0
0.028737746993509283,0
0.01054936876215562,0
0.054201490723634116,0
0.0338304673270744,0
0.0207348804604357,0
0.03819575765748651,0
-0.5030921102470209,0
-0.6580574308864247,0
-0.7664604478492674,0
-0.6922517552773746,0
-0.6864313918472078,0
-0.652237245034132,0
-0.6056747282641219,0
-0.5816660221181764,0
-0.5438340860089905,0
-0.5474718042739513,0
-0.044015907994204184,0
-0.019279736329531172,0
-0.04692605419371265,0
-0.023644884597644467,0
-0.0025463601667823355,0
-0.08985074615203814,0
-0.722080753822337,0
-0.6471443826382677,0
-0.8268461235513684,0
-0.7468170675493089,0
-0.7489996061677906,0
-0.7482721406490631,0
-0.7431792782531987,0
-0.7453619234184052,0
-0.7802837488436571,0
-0.7460894244527077,0
-0.7504547147831198,0
-0.7388141299850859,0
-0.4827209803037369,0
-0.2317204799248036,0
-0.19316114932803963,0
-0.18588571279811905,0
-0.17424512800008474,0
-0.224445114426032,0
-0.8537649403812475,0
-0.874863535843259,0
-0.465987639656563,0
-0.5612950342371916,0
0.11749720607851932,0
0.0971261826819596,0
0.11240437919822988,0
0.11458713091016026,0
0.1400508036091357,0
0.16624222595143667,0
0.17715523868401872,0
0.1807928859178296,0
0.18806825141660122,0
-0.33066569931711687,0
-0.33794110033146296,0
-0.8384866373182529,0
-0.48490362546894294,0
-0.48926884476820565,0
-0.4630774579414796,0
-0.5256457432932122,0
-0.4579846665767646,0
-0.43979614628311214,0
-0.8253910504516142,0
-0.7089850604089736,0
-0.7439068858342255,0
-0.8530374038313702,0
-0.6304111130222436,0
-0.6144052023782223,0
-0.623135747523472,0
-0.6085849099792049,0
-0.7810112498779596,0
-0.7911967615762392,0
-0.5634775728556733,0
-0.4572570945113128,0
-0.4383410731833579,0
-0.44270636351377,0
-0.8821389013420302,0
-0.8108403549696463,0
-0.799199770171612,0
-0.7300836558709856,0
-0.764277980261935,0
-0.7329938731016434,0
-0.7075299517936449,0
-0.7017096593946275,0
-0.6842487821975762,0
-0.7053473421440133,0
-0.732993802070494,0
-0.8392142804148546,0
-0.4536195183086513,0
-0.21280460065914752,0
-0.19898137069590716,0
0.11967992227487523,0
0.08694067098367952,0
0.44125129041401623,0
0.5067295799029581,0
0.24481617333816663,0
0.2564567581362014,0
0.26300455156952074,0
0.4485267269439368,0
0.46162238484172535,0
0.43543092698384944,0
0.4419787204171688,0
0.4208803380486059,0
0.7337214096515212,0
0.44052371834856396,0
0.4572571655424631,0
0.10731176541138909,0
0.14732638220135552,0
0.23244826508370453,0
0.25500193364547075,0
-0.07893766238830624,0
-0.3604946978620793,0
-0.36631499026109626,0
-0.3604947688932292,0
-0.42597305838217103,0
-0.455074591408406,0
-0.4419788624794676,0
-0.42088019598630666,0
-0.5016369306005424,0
-0.5089123671304634,0
-0.5416514408437845,0
-0.765732946814965,0
-0.1094943395454453,0
-0.0636595013876109,0
-0.05129120246182595,0
-0.03237539422731972,0
-0.08766810098683209,0
-0.8122953215226763,0
-0.7162604259077452,0
-0.7373590213697567,0
-0.7257184720872973,0
-0.7671881619770184,0
-0.7511822158174222,0
-0.7853765046927972,0
-0.7475445685836113,0
-0.7861039346959497,0
-0.7184430710729512,0
-0.7300835848398357,0
-0.7388140234383616,0
-0.7264459731215998,0
-0.8523098317659183,0
-0.6064021937828494,0
-0.520552809866198,0
-0.4288832045816795,0
-0.4528919462431995,0
-0.455074591408406,0
-0.4521643741777477,0
-0.8450344662671472,0
-0.7191706431384031,0
-0.674790771533599,0
-0.6922517197617997,0
-0.713350386254961,0
-0.7075300938559437,0
-0.7038923755909834,0
-0.38814122881970947,0
0.20625673619467877,0
0.21716974892726126,0
0.19170607622828584,0
0.410694684288027,0
0.6515095309063814,0
0.6304110064755197,0
0.5940341789816626,0
0.6078573379137535,0
0.6020370455147366,0
0.3132047155733422,0
-0.5489270194360047,0
-0.3495817561606467,0
-0.7788286757439029,0
-0.6842488177131512,0
-0.6478718481569956,0
-0.6071298368794507,0
-0.6042196906799422,0
-0.6289560044069145,0
-0.6100399120478097,0
-0.6420516267891281,0
-0.6857039263284803,0
-0.6857039263284803,0
-0.7642779447463601,0
-0.7802838198748066,0
-0.9272462739811371,0
-0.5423791194559611,0
-0.5271007453618166,0
-0.5016368595693925,0
-0.5096397261024661,0
-0.43470342594954703,0
-0.872680890678053,0
-0.8581301596805102,0
-0.6646053308664688,0
-0.7751909929945171,0
-0.3233903693339206,0
-0.3648600592236413,0
0.25791172468923085,0
0.3008365942254305,0
0.8377591717995254,0
0.8392141028369804,0
0.8654054186325575,0
0.8159329332409127,0
0.7497271427176684,0
0.8341215245657145,0
0.8108402129073471,0
0.26082197743546365,0
-0.31174985556703616,0
-0.31829779106265477,0
-0.7533648609826282,0
-0.6638777588010165,0
-0.6682429781002797,0
-0.6813387070292176,0
-0.6653329029319206,0
-0.68206620806352,0
-0.7053473776595882,0
-0.09712625371310857,0
0.08985095924548725,0
-0.02801003286575776,0
0.08621316994937755,0
0.05347413175163096,0
-0.18224799453315832,0
-0.4761731158392677,0
-0.5140050874640285,0
-0.5562021363257523,0
-0.5358311129291926,0
-0.7482720696179137,0
-0.6464168460883908,0
-0.6304110064755188,0
-0.6013095444804337,0
-0.6355037623246589,0
-0.615860310993551,0
-0.6362312988745362,0
-0.7308111569052875,0
-0.26445980224714827,0
0.016369661161172555,0
0.02510002872854855,0
0.016369661161172555,0
-0.09639868164765675,0
0.01782480529207664,0
-0.5212804529627997,0
-0.5649326459554276,0
-0.21571481788980584,0
-0.20334673205746912,0
0.1982538696616052,0
0.18515806970151782,0
0.09639853958535793,0
0.09639853958535793,0
0.08330288168756983,0
0.07020718827420636,0
0.10440147714958137,0
0.12404489296511434,0
0.12040721021572853,0
0.14441598739282346,0
-0.1444161649706972,0
-0.14077851773688632,0
-0.6114950561787138,0
-0.45580202141155857,0
-0.45507452037725615,0
-0.4907238468368105,0
-0.8937795926867889,0
-0.7599127254470974,0
-0.8283012321666976,0
-0.7562750426977116,0
-0.7257184720872973,0
-0.7046197700785615,0
-0.731538622424015,0
-0.6915241476963478,0
-0.658784967436302,0
-0.6646052243197444,0
-0.3444888227336329,0
-0.31538728970739793,0
-0.3241177283059238,0
-0.32630030243998,0
-0.32848308966748574,0
-0.7460894244527077,0
-0.6144052734093717,0
-0.634048795771629,0
-0.68206620806352,0
-0.6202254947772392,0
-0.799927200174765,0
-0.6987995842262689,0
-0.6813386004824933,0
-0.6937067928615539,0
-0.6813386004824933,0
-0.6791560618640111,0
-0.7475445685836113,0
-0.38086565022748964,0
-0.43470349698069644,0
-0.4012368156863486,0
-0.4783557610044742,0
-0.8363040986997712,0
-0.45361955382422625,0
-0.4237905907948387,0
0.15387399805680113,0
0.10585658576491053,0
0.16915215905749648,0
0.21571471134308196,0
0.4696251093124997,0
0.7359037706921288,0
0.7839212540151688,0
0.7533647899514793,0
0.792651763644844,0
0.8064750646392347,0
0.2077118803255824,0
-0.3917789470846702,0
-0.752637217886027,0
-0.6275009668227352,0
-0.6311386850876954,0
-0.6616951491513854,0
-0.6653329029319206,0
-0.6340488312872039,0
-0.636958870939988,0
-0.6522371384874077,0
-0.6296835764723663,0
-0.03528546939567834,0
-0.02146231046358782,0
-0.08330295271871879,0
0.05638420691998958,0
0.03819582868863636,0
0.012731942896212267,0
-0.6864313563316329,0
-0.5227355260625539,0
-0.4783557610044742,0
-0.5060021498998051,0
-0.4718078255088556,0
-0.4659875331098382,0
-0.5227355260625539,0
-0.4972717113012797,0
-0.47471804273951346,0
-0.49654421026697726,0
-0.5234630270968563,0
-0.5576572804566564,0
-0.6667879760316748,0
-0.07748266031970186,0
-0.08112037858466215,0
-0.0687521506900266,0
-0.051291344524125204,0
-0.12695521674249655,0
-0.8581301596805102,0
-0.39177887605352035,0
0.20625673619467877,0
0.29792648354149653,0
0.2637321591505475,0
0.11094930609847564,0
0.10658415783036235,0
0.13714058637847737,0
0.08475795478732406,0
0.060021747607076126,0
0.04037822524481882,0
0.02073480942928585,0
-0.5110949412645196,0
-0.5110949412645196,0
-0.5110949412645196,0
-0.5110949412645196,0
-0.5110949412645196,0
-0.5110949412645196,0
-0.5110949412645196,0
-0.5110949412645196,0
-0.5110949412645196,0
-0.5110949412645196,0
-0.5110949412645196,0
-0.5110949412645196,0
-0.5110949412645196,0
-0.5110949412645196,0
-0.5110949412645196,0
-0.5110949412645196,0
-0.5110949412645196,0
-0.5110949412645196,0
-0.5110949412645196,0
-0.5110949412645196,0
-0.5110949412645196,0
-0.5110949412645196,0
-0.5110949412645196,0
-0.5110949412645196,0
-0.7118951710929076,0
-0.61367763031277,0
-0.6013094734492843,0
-0.6435066998888823,0
-0.7620952640655791,0
-0.690069181143318,0
-0.7038922690442591,0
-0.7468171030648838,0
-0.8712258175782988,0
-0.4834484813380393,0
-0.4979992833667315,0
-0.22444518545718184,0
-0.17424512800008474,0
-0.16551461837040948,0
-0.18443056866721497,0
-0.7671881264614435,0
-0.6886139659812645,0
-0.6689705501657315,0
-0.6966170100922122,0
-0.738814058953936,0
-0.6653328674163457,0
-0.6784284542829844,0
-0.6740632349837217,0
-0.6660604749973724,0
-0.7293561193211082,0
-0.3495816140983474,0
-0.1247726426084399,0
-0.07093493791753192,0
-0.12040735227802735,0
-0.11167698471065135,0
-0.09130589028294223,0
-0.47035275240910135,0
-0.709712561443276,0
-0.6500545288377766,0
-0.6929791852805272,0
-0.6762458801489282,0
-0.6835212456476993,0
-0.6696980512000339,0
-0.6551472846869162,0
-0.5591123890719851,0
-0.7184431065885262,0
-0.6049472272298195,0
-0.5285557474304214,0
0.002546502229082037,0
-0.008366581534649864,0
0.01782473426092679,0
0.044016050056503886,0
-0.0643869313907639,0
-0.31320478660449114,0
-0.6987995842262689,0
-0.6056748348108463,0
-0.6566023577866704,0
-0.6267732882105586,0
-0.7504546082363954,0
-0.5001819285319375,0
-0.6173153485777307,0
-0.4965441392358274,0
-0.503819504734599,0
-0.46962532240594834,0
-0.5074572229995593,0
-0.503092074731446,0
-0.6325936516407253,0
-0.3561294075316672,0
-0.13932337360598224,0
-0.13277543811036363,0
-0.13132043604175925,0
-0.1255001436427423,0
-0.7846489681429198,0
-0.6333211171594528,0
-0.6907966821776204,0
-0.6616951491513854,0
-0.7264460441527492,0
-0.27755556669166115,0
0.3197525090066615,0
0.34448875170248394,0
0.31611486177285064,0
0.300836629741005,0
0.2819206794441995,0
0.2564568646829257,0
0.2710075246493182,0
0.2462712819534958,0
0.15241885392589705,0
-0.5467444097863732,0
-0.20771202238788167,0
-0.1880684289944745,0
-0.6500544578066267,0
-0.5583848525221082,0
-0.5649327880177268,0
-0.5627500007902215,0
-0.8159330397876365,0
-0.7002545862948732,0
-0.6929792207961021,0
-0.6915241476963478,0
-0.6718806253340905,0
-0.6376863364587155,0
-0.6682429070691298,0
-0.7024372314600797,0
-0.4041468198235578,0
-0.32193515417186713,0
-0.32775544657088407,0
-0.3590396247623251,0
-0.3655874892267943,0
-0.7533648609826282,0
-0.7038922690442591,0
-0.6987995842262689,0
-0.7286286182868058,0
-0.738814058953936,0
-0.7366315203354543,0
-0.6835212811632743,0
-0.8413968190333363,0
-0.7562750782132865,0
-0.7584575813161933,0
-0.7286286182868058,0
-0.8166605763375139,0
-0.23026540682504892,0
-0.2266278306223879,0
-0.20625680722582818,0
-0.19752629759615292,0
-0.18661328486357087,0
-0.7504547147831198,0
-0.6711530887842132,0
-0.6616952201825348,0
-0.6667879050005254,0
-0.6536922826183118,0
-0.6267734302728578,0
-0.6398690881706464,0
-0.6493270633190491,0
-0.6245908206232262,0
-0.7286285472556564,0
-0.385958512623354,0
-0.14296109187094297,0
-0.1618769711365986,0
-0.18006542039910167,0
-0.129865362942005,0
-0.19316114932803963,0
-0.6798834918671641,0
-0.6078574089449029,0
-0.6136777013439199,0
-0.629683469925642,0
-0.629683469925642,0
-0.615132809959249,0
-0.5882138510670707,0
-0.5838486672833825,0
-0.5671152556050592,0
-0.5503818794423103,0
-0.5860312414174391,0
-0.7409966330879927,0
-0.21062195549394147,0
-0.14150587670888948,0
-0.16260447217090102,0
-0.14077837567458706,0
-0.17133498180057627,0
-0.8122954280694006,0
-0.7409967041191425,0
-0.7897417950232093,0
-0.7759186005755438,0
-0.7599127254470974,0
-0.7380865579196336,0
-0.7642778381996358,0
-0.7577301513130408,0
-0.7279010817369289,0
-0.7031648390411065,0
-0.7439068858342255,0
-0.8523099027970678,0
-0.5431065494591136,0
-0.7068024507593424,0
-0.31829750693805625,0
-0.2804656063444453,0
-0.052746488655028845,0
-0.04401605005650344,0
-0.039650830757240296,0
0.5532919901262443,0
0.5241905281311587,0
0.22153503925767337,0
0.23172051544037897,0
0.22881033372529513,0
0.2266278306223879,0
0.2237177199384548,0
0.2884684018463699,0
0.2870133287466152,0
-0.2324482650837041,0
-0.3263005155334291,0
-0.23099312095280045,0
-0.06074935518810243,0
0.01054936876215562,0
-0.02437238563194688,0
-0.07530001515449536,0
-0.08184787961896456,0
-0.09421596545130084,0
-0.8253910149360393,0
-0.7104401335087278,0
-0.7555475061478347,0
-0.7395417375661126,0
-0.7562749716665622,0
-0.7184430000418018,0
-0.6355038688713832,0
-0.6733357694649942,0
-0.6595125750173287,0
-0.6784284542829844,0
-0.6893415380467163,0
-0.7802837488436571,0
-0.6340487247404796,0
-0.6151327744436741,0
-0.7097125969588509,0
-0.34594389583338714,0
-0.34885418409519486,0
-0.3357583841351075,0
-0.4245179852824168,0
-0.44634408177873075,0
-0.8210257956367766,0
-0.666060403966223,0
-0.6646052243197444,0
-0.6551472136557668,0
-0.6435066288577325,0
-0.6835212811632743,0
-0.6791560263484366,0
-0.7984721270750108,0
-0.19534365243094687,0
-0.18879593002877693,0
-0.18515821176381664,0
-0.16551468940155933,0
-0.1487813132388105,0
-0.14077844670573647,0
-0.12404507054298763,0
-0.586031312448589,0
-0.6013096155115836,0
-0.577300944881213,0
-0.5889415296792468,0
-0.6536922826183118,0
-0.6464168460883908,0
-0.6238632130421995,0
-0.6391414450740447,0
-0.7489996771989405,0
-0.14296109187094297,0
-0.113859558844708,0
-0.11895227917827311,0
-0.10876676747999303,0
-0.15169138840716911,0
-0.7046199476564352,0
-0.600581936899407,0
-0.5416514408437845,0
-0.7191705365916787,0
-0.6529647105528595,0
-0.6325936516407253,0
-0.6253182506263792,0
-0.6915241476963478,0
-0.6806110994481909,0
-0.656602286755521,0
-0.6842487466820018,0
-0.690796575630896,0
-0.7562750071821371,0
-0.17351755593463292,0
-0.17861027626819803,0
-0.19607129552754854,0
-0.1960712244963987,0
-0.7693706295643503,0
-0.7162605324544695,0
-0.7177155700386488,0
-0.7555474706322598,0
-0.7198981796882804,0
-0.7628227295843066,0
-0.786104076758249,0
-0.8719533896437506,0
-0.5110949412645196,0
-0.5110949412645196,0
-0.5110949412645196,0
-0.7009821228447506,0
-0.2753728149797303,0
0.30811192420862676,0
0.32993809173609057,0
0.5903963896855529,0
0.5838485252210837,0
0.5685702931892389,0
0.5234630270968563,0
0.5154600895326333,0
0.4274280604507763,0
-0.11167698471065135,0
-0.28992368803957236,0
-0.7388139879227866,0
-0.5889414586480974,0
-0.5685703642203879,0
-0.583848631767808,0
-0.5743906921349797,0
-0.5598399256218625,0
-0.5372861860289468,0
-0.525645601230913,0
-0.2659148043157531,0
-0.2855583266780104,0
-0.33357581000105085,0
-0.3095670683395304,0
-0.33939596033776853,0
-0.8661331327603081,0
-0.7562749361509873,0
-0.7824663229777138,0
-0.7460894954838571,0
-0.674790771533599,0
-0.69588943802676,0
-0.6784284187674099,0
-0.7046199476564352,0
-0.6980720831919665,0
-0.7126227786739343,0
-0.8042924549896027,0
-0.1640596163018051,0
-0.18006534936795227,0
-0.18297549556746073,0
-0.16696976250131357,0
-0.5081847240338617,0
-0.8617678779454705,0
-0.7620952285500042,0
-0.7060749142094651,0
-0.6915241121807729,0
-0.6907966111464705,0
-0.7315387644863143,0
-0.7002546218104482,0
-0.8224809752832551,0
-0.7213531817568848,0
-0.67697345221438,0
-0.7810112498779596,0
-0.40196438775180043,0
-0.16042182700569496,0
-0.15678417977188408,0
-0.08112030755351274,0
-0.09567103855105508,0
-0.0942160364824507,0
-0.07093486688638251,0
-0.6653328319007712,0
-0.7242633989875431,0
-0.5809385565994489,0
-0.6034921541300653,0
-0.5969442896655961,0
-0.5736631555851028,0
-0.5947617155315394,0
-0.620953066842691,0
-0.6660603684506481,0
-0.7875591143424283,0
-0.10294654611212595,0
-0.12622771570819413,0
-0.0643869313907639,0
-0.10003632888146763,0
-0.09712618268195916,0
-0.7337213386203709,0
-0.7599127254470974,0
-0.6864314983939321,0
-0.6653328319007712,0
-0.697344582157664,0
-0.6616951136358105,0
-0.6893415025311413,0
-0.6842488177131512,0
-0.722808290372214,0
-0.7468169965181595,0
-0.7395415955038134,0
-0.8704983165439963,0
-0.8544924769311244,0
-0.42015276598315365,0
-0.16114939907114678,0
-0.18370299660176315,0
-0.22444518545718184,0
-0.17351755593463292,0
-0.7453619589339802,0
-0.660967612601508,0
-0.7046197700785615,0
-0.7097125969588509,0
-0.6682429781002797,0
-0.7700982371453771,0
-0.6362314054212606,0
-0.6194980292585117,0
-0.6347762968059314,0
-0.6049471917142446,0
-0.6391415161051941,0
-0.7620951930344297,0
-0.551836988057639,0
-0.5460166956586221,0
-0.5620224287247693,0
-0.7118951355773326,0
-0.3655874892267943,0
-0.3881410157262608,0
-0.3641322740647408,0
-0.3008367007721544,0
-0.33212066587014677,0
-0.33794102930031356,0
-0.7213532172724597,0
-0.5969442541500212,0
-0.6209529958115416,0
-0.6376864074898654,0
-0.6507821364188033,0
-0.6427791278234305,0
-0.6886140014968394,0
-0.6835212101321244,0
-0.7584576523473432,0
-0.40123674465519876,0
-0.3583119816657234,0
-0.25136414434936016,0
-0.2055291641292265,0
-0.24190606265423265,0
-0.47035275240910135,0
-0.6813386715136427,0
-0.6296835054412169,0
-0.5954892520814168,0
-0.6624226501856878,0
-0.6478718836725701,0
-0.6791560263484366,0
-0.6937067928615539,0
-0.8879591937410476,0
-0.7693707005955002,0
-0.5038195757657484,0
-0.28774090081206705,0
-0.2746451718831291,0
-0.23899598748587403,0
-0.2200799661579187,0
-0.22299004132627775,0
-0.7977446970718578,0
-0.8152055032377596,0
-0.36995285058835625,0
-0.3655875957735186,0
0.26445973121599886,0
0.3044742414592414,0
0.3299380562205161,0
0.29865391354465,0
0.3313930582891209,0
0.6071298368794511,0
0.5998544713806795,0
0.8894143023563772,0
0.8326663804348109,0
0.2913786901081772,0
0.2717351677459203,0
0.2404510605856287,0
-0.3655874892267943,0
-0.8064751001548087,0
-0.7155328893578679,0
-0.7118951710929076,0
-0.714805317292416,0
-0.7162604614233197,0
-0.628228503372612,0
-0.6485994557380224,0
-0.6398690171394965,0
-0.6456893095385134,0
-0.754819898566808,0
-0.06438700242191331,0
-0.07530008618564521,0
-0.0920333913172442,0
-0.21134945652824388,0
-0.0898508882143374,0
-0.16478704630495766,0
-0.786104076758249,0
-0.7657330533616893,0
-0.7882866508923057,0
-0.7991996636248877,0
-0.8093852108387423,0
-0.781011320909109,0
-0.7802837843592321,0
-0.7628228716466059,0
-0.7177154990074994,0
-0.6937067928615539,0
-0.7024371604289299,0
-0.7053473421440133,0
-0.8072026367046856,0
-0.43543099801499885,0
-0.13568558430987254,0
-0.16769719250446613,0
-0.14805381220450808,0
-0.1640596163018051,0
-0.7875591498580032,0
-0.7286286182868058,0
-0.7024372314600797,0
-0.7002546573260231,0
-0.7002546573260231,0
-0.6587849319207271,0
-0.6573299298521227,0
-0.7431793137687737,0
-0.7737358488636135,0
-0.7264459020904499,0
-0.6798834918671641,0
-0.7191705721072537,0
-0.7628228006154565,0
-0.7657329823305394,0
-0.7570025082164391,0
-0.751182286848572,0
-0.8544925124466993,0
-0.1633321152675027,0
-0.1269551457113467,0
-0.15532917770327925,0
-0.16114939907114678,0
-0.08330288168756939,0
-0.5161877326292346,0
-0.4907238468368105,0
-0.4870861285718502,0
-0.5234630270968563,0
-0.5547470632259981,0
-0.5431064784279638,0
-0.5358311129291926,0
-0.5416515118749343,0
-0.5678427566393611,0
-0.6107675551444114,0
-0.5700254373201421,0
-0.5460166956586221,0
-0.5743907276505547,0
-0.6340487602560545,0
-0.5743906566194052,0
-0.6929792207961021,0
-0.2891960449429707,0
-0.33939603136891794,0
-0.32630037347112983,0
-0.27246266878022185,0
-0.5176428057289888,0
-0.6129500582473182,0
-0.7468170320337344,0
-0.6093124110135073,0
-0.5983993982809253,0
-0.7162605324544695,0
-0.2724627398113717,0
-0.2746454204921527,0
0.35685697959711904,0
0.85303747486252,0
0.8857766551225663,0
0.910512755756089,0
0.8857765840914165,0
0.8013822732745193,0
0.8450344662671472,0
0.8523097607347689,0
-0.24554399401264204,0
-0.27100770222719195,0
-0.7046197700785615,0
-0.5896690307135493,0
-0.573663084553953,0
-0.5474718397895262,0
-0.5394688311941529,0
-0.5321935012109567,0
-0.5649326459554276,0
-0.10731176541138865,0
-0.07457251412019339,0
-0.11313198677925618,0
-0.11458705987901041,0
-0.14223351980549115,0
-0.13568565534102195,0
-0.7599127609626724,0
-0.6595125039861793,0
-0.7249908645062706,0
-0.7031646969788072,0
-0.8290286621698502,0
-0.716987997973197,0
-0.7235357914065164,0
-0.6900690035654438,0
-0.690069145627743,0
-0.7126228497050837,0
-0.7046199121408607,0
-0.6755183080834759,0
-0.840669282483459,0
-0.15460160563782743,0
-0.1880683579633251,0
-0.1749725580032373,0
-0.18443063969836482,0
-0.16478711733610707,0
-0.8399417814491565,0
-0.8210257601212017,0
-0.35903969579347494,0
-0.34303389169617793,0
0.1917059696815615,0
0.1807928859178296,0
0.16915230111979573,0
0.14732620462348178,0
0.16187693562102412,0
0.11313205781040603,0
0.042560870410024876,0
-0.4310659207780354,0
-0.4383412862768066,0
-0.8341214535345647,0
-0.8792288261736716,0
-0.4870861285718502,0
-0.47471797170836405,0
-0.4783557610044742,0
-0.4397962883454114,0
-0.49363399303631894,0
-0.8217532611555041,0
-0.7555475416634092,0
-0.8821389013420302,0
-0.7686432350767727,0
-0.7424517772188968,0
-0.690069145627743,0
-0.7169879624576221,0
-0.7009821583603251,0
-0.698799513195119,0
-0.6980720831919665,0
-0.7679155564645961,0
-0.386686013657656,0
-0.3895961598571649,0
-0.409967254284874,0
-0.5620224997559191,0
-0.7628228716466059,0
-0.7279011172525034,0
-0.711895242124057,0
-0.6980719766452421,0
-0.6878865714936864,0
-0.6864313563316329,0
-0.7911967260606643,0
-0.5525645601230913,0
-0.5198253088318956,0
-0.5802109845339971,0
-0.7584576168317683,0
-0.7489995351366412,0
-0.10585669231163441,0
-0.12404499951183823,0
-0.07457244308904354,0
-0.10076375888462019,0
-0.4092396822194222,0
-0.704619805594136,0
-0.2440888498817384,0
-0.24190627574768175,0
0.3975989553590895,0
0.38159322229294146,0
0.38595851262335445,0
0.36413234509589065,0
0.39323373605982637,0
0.4085121101539708,0
0.6500544578066276,0
0.6573297522742485,0
0.07457258515134324,0
0.32921059070178815,0
0.3357583841351075,0
0.28919604494297113,0
0.01127694082760744,0
0.07748280238200156,0
-0.3357583841351075,0
-0.748272176164638,0
-0.602764582064613,0
-0.607857373429328,0
-0.5889414941636719,0
-0.5787559824653923,0
-0.5998545068962544,0
-0.6253182506263792,0
-0.6034921541300653,0
-0.7664605543959917,0
-0.5649326814710025,0
-0.0731173699892893,0
-0.10003632888146763,0
-0.09567118061335433,0
-0.13932337360598224,0
-0.17133491076942642,0
-0.4172425487524958,0
-0.8072026011891111,0
-0.7133502797082367,0
-0.7031647324943817,0
-0.7038923755909834,0
-0.7599127609626724,0
-0.7984721625905853,0
-0.7751909574789422,0
-0.7555474351166849,0
-0.7300836558709856,0
-0.7460894954838571,0
-0.7017096949102024,0
-0.832666344919236,0
-0.16187704216774845,0
0.37213528266011364,0
0.6253182861419542,0
0.6005820434461318,0
0.6173153485777312,0
0.6355037268090844,0
0.6136776303127705,0
0.09421600096687621,0
0.13132029397946043,0
0.14441591636167406,0
0.16551461837040993,0
-0.42888334664397876,0
-0.412149934965655,0
-0.789741688476485,0
-0.6485994202224474,0
-0.6340486892249046,0
-0.6529647105528595,0
-0.6566023222710959,0
-0.6595125750173287,0
-0.6718806253340905,0
-0.7017095883634781,0
-0.7053473421440133,0
-0.7802836422969328,0
-0.39687152535593606,0
-0.38595837056105475,0
-0.3750454288596221,0
-0.3481264699674438,0
-0.35758448063142145,0
-0.6689705146501566,0
-0.6049472272298195,0
-0.5649326459554276,0
-0.5460166956586221,0
-0.7431792782531987,0
-0.6515096374531053,0
-0.6973444756109397,0
-0.7228083258877889,0
-0.7344488396546733,0
-0.8399417814491565,0
-0.4921788489054153,0
-0.4870861996029996,0
-0.47617318687041754,0
-0.47544554377381587,0
-0.8377591362839505,0
-0.7344489462013977,0
-0.7417243117001693,0
-0.7359040193011519,0
-0.7366315203354543,0
-0.7344488751702483,0
-0.7606402264813998,0
-0.8050199915394796,0
-0.797017125006406,0
-0.8886868013220743,0
-0.41214989945008007,0
-0.14659881013590326,0
0.23390312509000966,0
0.837031599734074,0
0.8297562342353024,0
0.882866437891908,0
0.9119679709181425,0
0.8865042271880177,0
0.6267732171794091,0
0.3852309405579022,0
0.35103661616695225,0
-0.18515831831054097,0
-0.19970904930808375,0
-0.6726082329151173,0
-0.5467443742707983,0
-0.6442342009231847,0
-0.5991268637996527,0
-0.13059300603860624,0
0.062204499319006956,0
0.14077858876803617,0
0.14077851773688677,0
0.11967985124372538,0
0.06293207138445878,0
-0.26300472914739403,0
-0.16987990870082204,0
-0.4085121811851198,0
-0.5518370590887889,0
-0.4412512193828664,0
-0.6384140150708921,0
-0.7562750426977116,0
-0.6755183080834759,0
-0.6682430136158541,0
-0.6842487466820018,0
-0.623863177526625,0
-0.7489996416833655,0
-0.7293561548366831,0
-0.17206241180372883,0
-0.15532917770327925,0
-0.16042182700569496,0
-0.1917060762282854,0
-0.5205528808973479,0
-0.9221534471008477,0
-0.8021099163711205,0
-0.8064751001548087,0
-0.8632230220763746,0
-0.4747181492862378,0
0.08694063546810504,0
0.14150587670888992,0
0.15096385185729266,0
0.13786819395950412,0
0.1909784331316846,0
0.19825379863045578,0
0.14005083912471017,0
0.08621306340265278,0
0.38377579642699855,0
0.39250623502552395,0
0.022917383563342497,0
0.057839208988594404,0
0.06002185415380046,0
-0.25063643022160864,0
-0.863950523110677,0
-0.7577300092507415,0
-0.7504546437519704,0
-0.7555475061478347,0
-0.7555474351166849,0
-0.794107014322472,0
-0.7337213741359458,0
-0.7380865934352085,0
-0.8886868013220743,0
-0.7126228141895088,0
-0.6980720831919665,0
-0.6667879050005254,0
-0.6420516623047026,0
-0.6507821009032284,0
-0.6420516623047026,0
-0.6333211881906022,0
-0.7344488751702483,0
-0.3677699923297011,0
-0.09785368371626157,0
-0.10149140198122186,0
-0.19316107829689022,0
-0.18588571279811905,0
-0.8217533321866535,0
-0.7715532392139819,0
-0.7664604833648418,0
-0.7315387289707398,0
-0.720625574175858,0
-0.7591851533816456,0
-0.7439069213498004,0
-0.7293560838055333,0
-0.7591850823504958,0
-0.7344488396546733,0
-0.8472172179790776,0
-0.7453619944495546,0
-0.7824662874621389,0
-0.8115678204883738,0
-0.8537649403812475,0
-0.46817035585291844,0
0.42742813148192527,0
0.48199333720713566,0
0.496544068204678,0
0.4470715117818833,0
0.4477990128161857,0
0.41651497668704396,0
0.42815549045392887,0
0.21716978444283574,0
0.22080739616107214,0
0.23244794544353153,0
-0.3066571707490455,0
-0.05783928001974381,0
-0.07893787548175535,0
-0.18224799453315832,0
-0.10440154818073033,0
-0.03601311249228001,0
-0.044015907994204184,0
-0.03237539422731972,0
-0.022917383563342053,0
-0.7009820873291757,0
-0.3241178703682226,0
-0.33721352826601114,0
-0.44707165384418257,0
-0.3554019775285142,0
-0.34085124653097143,0
-0.30956713937068026,0
-0.3313933068981436,0
-0.3168425048694514,0
-0.29865405560694835,0
0.1567843928653332,0
0.1960714375898478,0
0.14150601877118918,0
0.05129148658642446,0
-0.01855216426407935,0
-0.07311744102043916,0
-0.7111676345430302,0
-0.6064023713607232,0
-0.6435066998888823,0
-0.6289558978601901,0
-0.6289560399224894,0
-0.6187704571930599,0
-0.6078574089449029,0
-0.6071298013638762,0
-0.7089851314401234,0
-0.6013094734492843,0
-0.6958894025111855,0
-0.28628600529018655,0
-0.4157876177150408,0
0.24045098955447886,0
0.5838486672833834,0
0.6085849099792058,0
0.6173153485777312,0
0.6333211526750282,0
0.6362313699056865,0
0.3386686013657658,0
-0.4514369796901696,0
-0.45434712588967807,0
-0.42670063044762285,0
-0.8595851972646895,0
-0.6893415380467163,0
-0.7162604969388946,0
-0.891596876490433,0
-0.7599126899315225,0
-0.738814094469511,0
-0.7002546573260231,0
-0.7417242406690194,0
-0.7220807183067621,0
-0.7089850959245485,0
-0.7126227431583594,0
-0.7213532172724597,0
-0.8421243910987881,0
-0.23317562405570724,0
-0.20043651482681124,0
-0.2273553316566903,0
-0.07093479585523266,0
-0.07457251412019339,0
-0.8028373463742735,0
-0.6587850384674514,0
-0.7941068367445983,0
-0.6464167750572409,0
-0.6842487821975762,0
-0.6667877984538007,0
-0.6864314273627827,0
-0.8275736245856709,0
-0.7228082193410645,0
-0.738814094469511,0
-0.8057475280893569,0
-0.8079302442857124,0
-0.7999272712059144,0
-0.7846490391740697,0
-0.8064750646392338,0
-0.7475445330680364,0
-0.4645325310412338,0
-0.42379041321696453,0
-0.44416136558237485,0
-0.44488893764782667,0
-0.14223366186778996,0
-0.14368873496754464,0
0.13859580154053086,0
0.1851580341859429,0
0.1807928859178296,0
0.17570013006869,0
0.1371406929252017,0
0.1829755310830361,0
0.1829755310830361,0
0.7497270716865185,0
0.7824663940088636,0
0.7584575102850439,0
0.20407409102947272,0
0.18806835796332555,0
-0.23463062612431207,0
-0.10440161921188018,0
-0.6784284187674099,0
-0.5743906921349797,0
-0.5518370946043634,0
-0.5540197397695699,0
-0.5503819504734597,0
-0.5481993408238282,0
-0.5722080469697737,0
-0.6958893669956105,0
-0.6260457871762561,0
-0.2891960449429707,0
-0.07238993998613674,0
-0.08330288168756939,0
-0.12477257157729005,0
-0.11895227917827311,0
-0.48490355443779354,0
-0.3983265984556903,0
-0.7751909574789422,0
-0.6704256232654857,0
-0.6267734302728578,0
-0.658784967436302,0
-0.711895206608482,0
-0.8668606693101855,0
-0.6973444400953648,0
-0.6922517552773746,0
-0.6820661725479451,0
-0.7024371604289299,0
-0.5962168241468686,0
-0.7373590213697567,0
-0.3888686588228625,0
-0.13059286397630743,0
-0.12113485331232976,0
-0.11531463194446223,0
-0.0854856689150747,0
-0.13932330257483283,0
-0.6624226146701129,0
-0.6064023358451487,0
-0.5911239972665792,0
-0.599127005861952,0
-0.5976717906998985,0
-0.5831210597023557,0
-0.5962167886312937,0
-0.25136414434936016,0
-0.3001091642222775,0
0.3139322166076437,0
0.3190250079723591,0
0.31102221247043493,0
0.3481263989362948,0
0.29574369631399167,0
0.5452891235931703,0
0.5562020652946029,0
0.5489267708269812,0
0.5416514763593594,0
0.5416514763593594,0
-0.1138596298758574,0
-0.11167698471065135,0
-0.8290286266542752,0
-0.7133502797082367,0
-0.6478718836725701,0
-0.6747908070491735,0
-0.6398690526550714,0
-0.8086576032577155,0
-0.7409967751502919,0
-0.8908694464872804,0
-0.7344488751702483,0
-0.36558734716449504,0
-0.34157867653412444,0
-0.33721352826601114,0
-0.35758455166257086,0
-0.7155328183267184,0
-0.6187705282242093,0
-0.6224081044268708,0
-0.5976718617310479,0
-0.6064023713607232,0
-0.8704983875751457,0
-0.7540922909857812,0
-0.7642778737152107,0
-0.7759185295443944,0
-0.7890141874421825,0
-0.7620952995811541,0
-0.8617679489766203,0
-0.47690068790471996,0
-0.4849034834066437,0
-0.6289558623446152,0
-0.1967987965618505,0
-0.1793379903959491,0
-0.5089124736771877,0
-0.3306658413794161,0
0.192433435200289,0
0.18297546005188625,0
0.17133491076942686,0
0.21862467996471624,0
0.21280442308127379,0
-0.16915240766651962,0
0.21425967375890265,0
0.2317206219871033,0
0.26591480431575354,0
-0.04256090592559936,0
-0.055656563823387906,0
-0.04910877039006856,0
-0.5802110555651465,0
-0.5853037048675622,0
-0.5751181931692821,0
-0.575845765234734,0
-0.564205215952275,0
-0.7380865224040591,0
-0.6435066643733074,0
-0.6224082109735951,0
-0.5831211307335056,0
-0.33357581000105085,0
-0.05056377245867294,0
-0.03601311249228001,0
-0.03674054249543257,0
-0.02146231046358782,0
0.014187015995966501,0
-0.7177154990074994,0
-0.6042196551643673,0
-0.6456893450540884,0
-0.6944343294114312,0
-0.8668606337946105,0
-0.7795562833249297,0
-0.7511822513329971,0
-0.7431792782531987,0
-0.7104401690243027,0
-0.7548199340823825,0
-0.765732946814965,0
-0.7642779092307852,0
-0.8683157779255146,0
-0.207711809294433,0
-0.18370306763291255,0
-0.17133491076942642,0
-0.18806821590102585,0
-0.21862482202701505,0
-0.8355765621498938,0
-0.8632229510452252,0
-0.7526372889171764,0
-0.8137505366847297,0
-0.7446343513529534,0
-0.7446342803218036,0
-0.6449618085042115,0
-0.22953811888419562,0
-0.2520917874459614,0
0.3197525800378105,0
0.3503090441015009,0
0.38668608468880583,0
0.36704242026424927,0
0.33066552173924313,0
0.5896688886512504,0
0.5321934656953826,0
0.5001819285319384,0
0.48708619960300004,0
0.5190977367664442,0
-0.053474060720480665,0
-0.09276110544499572,0
-0.6493270633190491,0
-0.7584576168317683,0
-0.6587850739830263,0
-0.6740631994681472,0
-0.6515096729686802,0
-0.669698015684459,0
-0.6602400760516312,0
-0.7882865443455813,0
-0.8697707444785445,0
-0.8304838063007538,0
-0.4179701208179476,0
-0.4063294649887639,0
-0.40705710808536555,0
-0.3888686588228625,0
-0.4034193898204048,0
-0.8348489190532922,0
-0.7431793492843486,0
-0.7213532883036096,0
-0.6973445111265146,0
-0.7366315558510292,0
-0.7097126324744258,0
-0.6653328319007712,0
-0.7293561903522576,0
-0.7497271427176679,0
-0.7577301513130408,0
-0.8952346302709682,0
-0.5023644316348448,0
-0.5241906701934576,0
-0.4485267269439368,0
-0.3983265984556903,0
-0.8093852463543172,0
-0.6857038908129054,0
-0.6857037842661811,0
-0.690796575630896,0
-0.669698015684459,0
-0.6667879050005254,0
-0.610040018594534,0
-0.7140778162581136,0
-0.1073116943802388,0
-0.113859558844708,0
-0.13932337360598224,0
-0.1291378619077026,0
-0.15605660770643182,0
-0.11313198677925618,0
-0.7831938950431656,0
-0.6369589774867124,0
-0.6653329029319206,0
-0.6696980512000339,0
-0.6616951846669603,0
-0.6944342938958563,0
-0.6777009532486824,0
-0.6798835984138885,0
-0.6682430136158541,0
-0.8064750646392338,0
-0.13132043604175925,0
-0.12113492434347917,0
-0.07530015721679462,0
-0.09057838924863981,0
-0.07166243895183433,0
-0.6646053308664688,0
-0.5867588134828909,0
-0.6384139085241674,0
-0.6173152775465809,0
-0.6085848744636304,0
-0.6624226146701129,0
-0.6384139795553172,0
-0.6362312633589613,0
-0.626045858207406,0
-0.6471443471226932,0
-0.7955619098443525,0
-0.8202981880557498,0
-0.14441609393954735,0
-0.09639861061650734,0
-0.08184780858781515,0
-0.11167691367950194,0
-0.10658412231478698,0
-0.11531456091331282,0
-0.6413240547236758,0
-0.6165877765122789,0
-0.586031276933014,0
-0.580938521083874,0
-0.5802109490184222,0
-0.5729355124885012,0
-0.6660603684506481,0
-0.42451812734471606,0
0.1189522081471237,0
0.15969443251811732,0
0.09276089235154705,0
0.09494335993887937,0
0.08403052478417106,0
0.37868300506228403,0
0.3743177857630209,0
0.35394683339761057,0
0.4718078255088556,0
0.5452889815308715,0
-0.00400150429768642,0
-0.009821796696703355,0
-0.7322661944894673,0
-0.5882137800359208,0
-0.586031276933014,0
-0.6355038688713832,0
-0.6231355699455983,0
-0.5889413521013731,0
-0.6435066288577325,0
-0.6362312633589613,0
-0.6420515557579782,0
-0.7548199340823825,0
-0.36777013439200035,0
-0.32048001004096305,0
-0.0360130414611306,0
-0.01782452116747768,0
-0.0250999576973987,0
-0.27901053324469105,0
-0.2855583266780104,0
-0.5212803819316498,0
-0.4987267844010339,0
-0.5038194337034492,0
-0.48999634580250806,0
-0.4056021060167607,0
-0.7468171030648838,0
-0.8377590652528011,0
-0.7337213386203709,0
-0.7359040193011519,0
-0.6791560618640111,0
-0.7017096949102024,0
-0.6769733811832301,0
-0.6922517552773746,0
-0.7955619808755019,0
-0.40269188878610285,0
-0.41651504771819337,0
-0.4659875331098382,0
-0.6333212237061772,0
-0.5016369306005424,0
-0.8457621803948983,0
-0.8428519986798149,0
-0.8188432570182949,0
-0.7388141299850859,0
-0.6667879760316748,0
-0.6529647105528595,0
-0.7642779447463601,0
-0.3997818136177438,0
-0.10585662128048456,0
-0.08039280651921032,0
-0.09930868578486596,0
-0.10367397611527851,0
-0.11458705987901041,0
-0.122589926412084,0
-0.6660604749973724,0
-0.7017097304257773,0
-0.7002545862948732,0
-0.8130229646192775,0
-0.6740632349837217,0
-0.6798835628983135,0
-0.6806111349637658,0
-0.7824663229777138,0
-0.6071298723950256,0
-0.10076390094691945,0
-0.08403052478417061,0
-0.07239001101728615,0
-0.11604213297876464,0
-0.12622771570819413,0
-0.06438700242191331,0
-0.7955620163910768,0
-0.6886140725279888,0
-0.6456893095385134,0
-0.6376863719742905,0
-0.7082574528279468,0
-0.714805352807991,0
-0.6653328319007712,0
-0.6646053663820433,0
-0.645689238507364,0
-0.6275008247604359,0
-0.636958870939988,0
-0.7730083123137361,0
-0.7562749361509873,0
-0.15969439700254195,0
-0.21716981995841023,0
-0.26882502154641097,0
-0.2630046581162446,0
-0.26445973121599886,0
-0.8937795216556395,0
-0.7329938375860685,0
-0.7933794777725951,0
-0.7744635274757896,0
-0.7802838198748066,0
-0.8704983520595713,0
-0.6995271207761458,0
-0.6849763542630285,0
-0.6987995842262689,0
-0.696616868029913,0
-0.7286285117400815,0
-0.781011320909109,0
-0.7795562478093547,0
-0.7679156630113209,0
-0.8799562561768242,0
-0.2026190889608679,0
0.34667146789883985,0
0.3975990263902385,0
0.3895960888260155,0
0.41651497668704396,0
0.3481264699674438,0
0.35540190649736525,0
0.30811192420862676,0
0.32993809173609057,0
0.3095670683395313,0
0.326300231408831,0
-0.2608221550133374,0
-0.20625694928812743,0
-0.6667878694849505,0
-0.5190978077975936,0
-0.2229901123574276,0
-0.1771552031684438,0
-0.12986529191085516,0
-0.13641322740647377,0
-0.16260461423320027,0
-0.17060740973512445,0
-0.40050924362089635,0
-0.42015276598315365,0
-0.4441615076446741,0
-0.5060021498998051,0
-0.47471797170836405,0
-0.6646052598353189,0
-0.5758457297191595,0
-0.5700253662889927,0
-0.7155328538422929,0
-0.556929779422354,0
-0.693706757345979,0
-0.10803926644569106,0
-0.11167684264835209,0
-0.16551468940155933,0
-0.19534365243094687,0
-0.20625673619467877,0
-0.7919244046728409,0
-0.6944342583802814,0
-0.6944342583802814,0
-0.6536922826183118,0
-0.6893415735622912,0
-0.7351764472357001,0
-0.6857039263284803,0
-0.6886140014968394,0
-0.6849764252941779,0
-0.7497271427176679,0
-0.4870861285718502,0
-0.09785368371626157,0
-0.10731176541138865,0
-0.10003639991261748,0
-0.12331749847753581,0
-0.12331749847753581,0
-0.42379041321696453,0
-0.7773736736752981,0
-0.6020371520614605,0
-0.6340487247404796,0
-0.7482721051334886,0
-0.5940341434660876,0
-0.5685703642203879,0
-0.5423790129092363,0
-0.5394688667097278,0
-0.5853037403831367,0
-0.7460893889371327,0
-0.07457251412019339,0
-0.07238986895498689,0
-0.0840304537530212,0
-0.15314646150692335,0
-0.18443056866721497,0
-0.1858856417669692,0
-0.8493997565975593,0
-0.6755183791146258,0
-0.723535720375367,0
-0.7489995706522161,0
-0.7766460305786964,0
-0.740996739634717,0
-0.733721303104796,0
-0.7242632924408188,0
-0.7344489106858227,0
-0.7111676345430302,0
-0.6929791852805272,0
-0.7599127254470974,0
-0.8421243910987881,0
-0.1393234446371321,0
0.6638776877698676,0
0.73663141378873,0
0.6849762122007292,0
0.6660603329350736,0
0.6405965892049488,0
0.12841021881110137,0
0.114586988847861,0
0.06147678519125588,0
0.10658405128363801,0
0.1291377908765532,0
-0.40923982428172145,0
-0.41651511874934277,0
-0.7919242981261165,0
-0.7846489326273449,0
-0.6806111349637658,0
-0.7075300228247943,0
-0.7046198766252858,0
-0.7293561193211082,0
-0.7700982016298026,0
-0.807930173254563,0
-0.8617679489766203,0
-0.23244805199025542,0
-0.191706005197136,0
-0.17424512800008474,0
-0.21353210169344994,0
-0.8122953925538257,0
-0.7555474351166849,0
-0.8697707089629696,0
-0.629683434410067,0
-0.6122225927285907,0
-0.6013095799960086,0
-0.6049471917142446,0
-0.602764617580188,0
-0.7802836778125073,0
-0.6864313208160584,0
-0.8130228580725531,0
-0.6893416090778661,0
-0.709712561443276,0
-0.7060748431783157,0
-0.8966897388862973,0
-0.8006547722402169,0
-0.9119678998869927,0
-0.6289559333757646,0
-0.34739896893314137,0
-0.3379409582691637,0
-0.35103668719810166,0
-0.3343033110353528,0
-0.5889413876169476,0
-0.5802110200495716,0
-0.6216805323614185,0
-0.6173153840933057,0
-0.6005819724149819,0
-0.7220807893379115,0
-0.5845762748644092,0
-0.04110576179469572,0
-0.013459301868214979,0
0.009094295662401386,0
0.0047290763631386845,0
-0.02146223943243797,0
0.044743622121955706,0
-0.003273861201084749,0
-0.5074572585151342,0
-0.46089491932299786,0
-0.5147325884983305,0
-0.48926884476820565,0
-0.4987268554321833,0
-0.5671153266362086,0
-0.5612949632060418,0
-0.5205528808973479,0
-0.14368852187409553,0
-0.13132043604175925,0
0.026555172859452636,0
0.05565670588568761,0
0.06947993584892753,0
0.03892332972293877,0
-0.24117856161993068,0
-0.28410325357825617,0
-0.5496543784080079,0
-0.5562021718413273,0
-0.5940340724349382,0
-0.7686430574988985,0
-0.8974172044050248,0
-0.7555475416634092,0
-0.7402691675692652,0
-0.7235357914065164,0
-0.7184429645262269,0
-0.7082575238590967,0
-0.6587849319207271,0
-0.7591851533816456,0
-0.1335030101758159,0
-0.13714065740962678,0
-0.13495808327557013,0
-0.14005087464028465,0
-0.15460160563782743,0
-0.850127364178586,0
-0.7184431065885262,0
-0.6980720121608166,0
-0.6784284187674099,0
-0.7242633989875431,0
-0.7540923975325056,0
-0.7679156630113209,0
-0.7533647899514788,0
-0.7126227786739343,0
-0.7308112279364374,0
-0.722808290372214,0
-0.840669246967884,0
-0.8603128403612912,0
-0.3473990399642912,0
-0.28483096770600724,0
0.340851175499822,0
0.29356133527338324,0
0.34812654099859364,0
0.3328483089667489,0
0.30301913284391224,0
0.10221897404667413,0
0.08112030755351318,0
-0.3473990399642912,0
-0.3473990399642912,0
-0.3473990399642912,0
-0.3473990399642912,0
-0.3473990399642912,0
-0.3473990399642912,0
-0.3473990399642912,0
-0.3473990399642912,0
-0.3473990399642912,0
-0.3473990399642912,0
-0.3473990399642912,0
-0.3473990399642912,0
-0.3473990399642912,0
-0.3473990399642912,0
-0.3473990399642912,0
-0.3473990399642912,0
-0.3473990399642912,0
-0.3473990399642912,0
-0.3473990399642912,0
-0.3473990399642912,0
-0.3473990399642912,0
-0.3473990399642912,0
-0.3473990399642912,0
-0.3473990399642912,0
-0.3473990399642912,0
-0.3473990399642912,0
